zipcode,sellingDate,publicationDate,sellingPrice,housetype,categoryobject,yearofbuilding,garden,parcelsurface,numberrooms,numberbathrooms,energylabelclass,surface,fulldescription,url
3862KT,2020-11-20,2020-10-30,"€ 300,000 k.k.","Single-family home, row house",Resale property,1976,Back garden and front garden,112 m²,5 rooms (4 bedrooms),1 bathroom and 1 separate toilet,C,138 m²,"Deze fijne tussenwoning is gelegen in de gewilde wijk Strijland, direct grenzend aan een groenvoorziening met speeltuin.  Begane grond: Entree met meterkast en modern zwevend toilet (2014). Ruime tuingerichte woonkamer welke door de gunstige zonligging in combinatie met de grote ramen, heerlijk licht is. De open keuken met natuurstenen aanrechtblad is aan de voorzijde van de woning gesitueerd en is als modern te kwalificeren. Er is een fijne eetbar aanwezig, alsmede hoogwaardige inbouwapparatuur. Eerste verdieping: Overloop met toegang tot 3 slaapkamers van zeer goed formaat en een verzorgde badkamer. De badkamer is voorzien van lichte betegeling en uitgevoerd met een douche, toilet en wastafelmeubel. Vaste trap naar tweede verdieping: Overloop met berging, c.v.-opstelling met zonneboiler (2011) en ruime 4e slaapkamer. Zowel de voor- als achtertuin zijn in 2016 opnieuw aangelegd en voorzien van mooie sierbestrating. De achtertuin op het zuidwesten, grenst direct aan een fijne groenvoorziening met speeltuin en beschikt over een ruime stenen berging. Algemeen: De woning is gebouwd in 1976 en voorzien van dak-, muur-, vloerisolatie en dubbel glas. Het buitenschilderwerk is in 2020 door een professionele schilder uitgevoerd. Kortom, een keurige woning op een bijzonder leuke plek! Ruim opgezet, rustig gelegen, groen en kindvriendelijk met diverse voorzieningen op korte afstand.",<200 https://www.funda.nl/en/koop/verkocht/nijkerk/huis-41189827-lepelaarshof-11/>
8265JH,2020-10-29,2020-10-14,"€ 215,000 k.k.","Single-family home, row house",Resale property,1981,Back garden and front garden,116 m²,6 rooms (5 bedrooms),1 bathroom and 1 separate toilet,C,120 m²,"Eengezinswoning met maar liefst 5 slaapkamers en een heerlijke tuin op het zuiden en eigen parkeerplaats (ca. 393 m³/ 116 m²). Leuke eengezinswoning in kindvriendelijke woonwijk gelegen. Enkele kernwoorden: Z-vormige woonkamer, straatgerichte keuken v.v. inbouwapparatuur, heerlijke zonnige tuin op het zuiden en eigen parkeerplaats. Op de 1e verdieping zijn 3 slaapkamers (aan de achterzijde is de gevel opgetrokken) en een badkamer. Op de 2e verdieping bevinden zich nog 2 slaapkamers en ruim voldoende bergruimte. De voortuin is voorzien van sierbestrating en hier bevindt zich de berging voorzien van elektra aansluiting. De heerlijk op het zuiden gelegen achtertuin is voorzien van sierbestrating en achteringang. Kortom laat u verrassen en maak een afspraak voor een rondleiding! Indeling: Begane grond: Entree/hal met meterkast, toegang tot toilet met fonteintje en de Z-vormige woonkamer. De woonkamer is voorzien van een pvc vloer, loopdeur naar de achtertuin, trapopgang en trapkast. De keuken is straatgericht en voorzien van een U-vormige inbouwkeuken die beschikt over de volgende inbouwapparatuur: gaskookplaat, vlakscherm afzuigkap, oven, koelkast, diepvriezer en een vaatwasmachine (2020). 1e Verdieping Overloop met inbouwkast, 3 slaapkamers, waarvan de 2 slaapkamers aan de achterzijde beschikken over een opgetrokken achtergevel, waardoor veel ruimte is ontstaan. Deze gehele verdieping is voorzien van een gelijksoortige laminaatvloer. De badkamer is voorzien van een betegeling tot het plafond, wastafel, hoekbad met thermostaatkraan, inloopdouche met thermostaatkraan en een 2e toilet. 2e Verdieping: Overloop met opstelplaats voor wasmachine, droger en C.V.-ketel en veel bergruimte. Tevens bevinden zich hier nog 2 ruime slaapkamers. Kenmerken: Oppervlakte en inhoud: Inhoud			: circa 393 m³ Woonoppervlakte	: circa 116 m² Externe bergruimte	: circa 6 m² Indeling: Aantal kamers		: 6 kamers, waarvan 5 slaapkamers Sanitair			: 1 toilet met fonteintje en 1 badkamer (hoekbad, inloopdouche, 2e toilet en wastafel)			  Aantal woonlagen	: 3 woonlagen Kadastrale gegevens: Gemeente			Kampen Sectie			W Nummers			69 en 63 Perceeloppervlakte	107 m² en 13 m² Bijzonderheden: • Bouwjaar circa 1981 • Keuken 2005 • Badkamer 2010 • Toilet 2010 • Dakisolatie en dubbel glas • C.V.-combiketel, merk: Nefit, bouwjaar: 2013 • Aanvaarding in overleg Vraagprijs € 215.000,-- k.k.",<200 https://www.funda.nl/en/koop/verkocht/kampen/huis-41040468-waterkers-16/>
8651NC,2020-11-10,2020-10-15,"€ 169,500 k.k.","Single-family home, row house",Resale property,1902,Back garden and front garden,78 m²,3 rooms (2 bedrooms),1 bathroom and 1 separate toilet,D,143 m²,"Landelijk wonen met vrij uitzicht, in een gezellige comfortabele woning op een historische locatie. Dat is wat je je mogen aanbieden met dit leuke huis. Voor- en achtertuin, twee slaapkamers, en dicht bij alle voorzieningen. Welkom op Nijesyl! Zodra je de woning binnenstapt wordt je direct getrakteerd op een heerlijke relaxte sfeer. De woonkamer is licht, heeft een balkenplafond en geeft je een fantastisch uitzicht op de jachthaven en weilanden. Omdat de woning oorspronkelijk op een dijkje is gebouwd is de, aan de achterzijde lager gelegen keuken, via een trappetje bereikbaar. De keuken geeft je weer toegang tot de bijkeuken met doucheruimte en toilet.  Op de verdieping vind je twee slaapkamers en de vliering. De grootste slaapkamer heeft twee dakkapellen waarbij de voorste een mooi zicht geeft over het meer en Oosthem.  De achtertuin is beschut, geeft je veel privacy en vooral veel plezier met een heerlijk kopje koffie genietend in de zon. Hier staat ook de nieuwe schuur met overkapping, ideaal voor de fietsen en het tuingereedschap.  De verkoper vertelt: ""De buurt waar ik woon is vooral zo leuk omdat het zo’n prachtig uitzicht heeft. Een kleine jachthaven, met daarachter het Friese landschap: weilanden en boerderijen. Heerlijk wandelen en fietsen in de directe omgeving. Het fijnste plekje in huis vind ik het uitzicht vanuit de grote slaapkamer. Daar is prachtig zicht op de wolkenluchten. In de winter zakt de zon achter de voormalige directiewoning van de vroegere zuivelfabriek, ’s zomers achter het Oosthemmer meer en de kerktoren van Oosthem"".  Zoals je merkt zijn wij enthousiast over deze leuke woning. Ben jij dit nu ook geworden en wil je de sfeer eens in het echt beleven? Het enige wat je dan moet doen is ons bellen of mailen, en we laten het huis aan je zien. Tot ziens!",<200 https://www.funda.nl/en/koop/verkocht/ijlst/huis-41049372-nijesyl-58/>
3826CL,2020-11-17,2020-10-15,"€ 399,000 k.k.","Single-family home, row house",Resale property,2008,Back garden,137 m²,5 rooms (4 bedrooms),1 bathroom and 1 separate toilet,A,125 m²,"Deze heerlijke tussenwoning valt op door zijn bijzondere architectuur en de hoeveelheid ruimte. Een zonnige woonkamer met deur naar de tuin op het zuidwesten, een grote, moderne keuken en vier riante slaapkamers: dit is een geweldig familiehuis. Details zoals het heerlijke overkapte terras en de Franse balkons op de slaapkamers, maken het wooncomfort compleet. Info De woning ligt in een breed opgezette en rustige straat met prachtige architectuur. De moderne en kindvriendelijke wijk ‘De Laak’ is groen en waterrijk. De weilanden en landerijen bevinden zich op loopafstand maar ook de supermarkt, scholen en gezondheidscentrum zijn nabij. De wijk is onderdeel van het stadsdeel Vathorst dat zijn eigen NS-station heeft en goede toegang tot de snelwegen A1 en A28. Indeling van de woning Woonkamer U komt binnen in de hal met garderobe en meterkast en toegang tot de betegelde toiletruimte met fontein, trapopgang, trapkast en woonkamer met moderne open keuken. De woonkamer ligt aan de achterzijde van de woning. Het is een riant vertrek met aan de achterzijde een grote raampartij met ramen die aflopen tot de vloer en deur naar de tuin. Gelegen op het zuidwesten, is het hierdoor een heerlijke zonnige kamer. In de zomer zet u de deur open en vormt de tuin een gelijkwaardig onderdeel van de woonkamer. In de royale zithoek heeft u een fijn uitzicht op de tuin. Daarnaast biedt het vertrek ruimte aan de eettafel die zeker plaats biedt aan zes personen. De donkere vloer vormt een fraai contrast met de strakke witte muren. Keuken De open keuken ligt aan de voorzijde van de woning. Een drietal ramen ziet uit op de rustige straat. De inrichting bestaat uit een modern en royaal L-vormig keukenmeubel aan de ene wand en een kastenwand met inbouwapparatuur aan de andere. U vindt er inbouwapparatuur zoals een oven, vaatwasser, koelkast en vriezer (allebei 178 cm hoog), kookplaat, koffieautomaat en stoomoven. Er is volop opbergmogelijkheid voor uw servies of aanvullende kookmiddelen. Dit is een keuken waar iedere kookliefhebber zijn hart aan ophaalt. Slaapkamers + badkamer Twee slaapkamers bevinden zich op de eerste verdieping, de twee andere zijn op de tweede verdieping gesitueerd. De eerste slaapkamer ligt aan de achterzijde van de woning en ziet met twee ramen uit op de achtertuin. Een vaste kastenwand voorziet in opbergruimte. De tweede slaapkamer ligt aan de voorzijde van de woning en is uitgerust met een charmant Frans balkon. De dubbele deuren zijn voorzien van kamerhoge ramen waardoor dit een licht vertrek is. De derde slaapkamer ligt aan de achterzijde van de woning en is voorzien van twee ramen en een zeer diepe inloopkast. De vierde slaapkamer ligt aan de voorzijde en is voorzien van het charmante Franse balkon met dubbele deuren. De geheel betegelde, moderne badkamer bevindt zich op de eerste verdieping en is voorzien van fraaie details, zoals de ovale wastafel in meubel. Verder vindt u er een toilet, een ligbad en een douche in bad met een fraaie vaste douchekop. Er is ruimte voor een kast. Op deze verdieping bevindt zich ook de wasruimte met witgoedaansluiting en cv-installatie. Op de tweede verdieping bevindt zich een grote, separate berging waar u makkelijk spullen opbergt die u niet het hele jaar nodig heeft.  Tuin U betreedt de tuin via de woonkamer. Grenzend aan de woning is een bestraat terras gesitueerd onder een riante overkapping over de gehele breedte van de woning. Hierdoor zit u altijd droog en uit de wind. Het transparante dak zorgt ervoor dat zonlicht wel wordt doorgelaten. Onder het glazen dak zit een elektrisch zonnescherm. De tuin bestaat verder uit een border met een bijzondere beplanting en een gazon van kunstgras. De buitenruimte is daarmee onderhoudsarm en geschikt voor spelende kinderen. Aan de achterzijde bevindt zich de schuur waar u handig uw fiets of tuinmeubilair opbergt. De tuin is achterom ook bereikbaar. Het geheel wordt omzoomd door houten schuttingen.  Heeft u interesse in deze woning? Maak dan een afspraak voor een bezichtiging en schakel uw eigen NVM-aankoopmakelaar in. Uw NVM-aankoopmakelaar komt op voor uw belang en bespaart u tijd, geld en zorgen. Adressen van collega NVM-aankoopmakelaars vindt u op Funda.",<200 https://www.funda.nl/en/koop/verkocht/amersfoort/huis-41040170-scharwoudestraat-33/>
7544WP,2020-11-05,2020-10-13,"€ 175,000 k.k.","Single-family home, corner house (drive-in residential property)",Resale property,1975,Back garden,121 m²,6 rooms (4 bedrooms),1 bathroom and 1 separate toilet,D,101 m²,"In Enschede-Zuid gelegen goed onderhouden hobbykamer woning (hoekwoning). De woning beschikt over een inpandige garage en een moderne badkamer op de begane grond en op de tweede verdieping zijn 4 slaapkamers. De woning ligt in de kindvriendelijk woonwijk Wesselerbrink met op korte afstand alle voorzieningen, zoals: (basis)scholen, winkelcentra en sportgelegenheden. Tevens vind je op korte afstand uitvalswegen en een winkelcentrum.  Indeling:  Begane grond: middels de entree kom je in de hal. Hier vind je de meterkast, de trapopgang naar de eerste verdieping, toegang tot de garage en de bijkeuken. De bijkeuken is voorzien van wasmachine aansluiting en cv ruimte. De bijkeuken geeft toegang tot de badkamer en de tuin. De moderne badkamer is voorzien van whirlpool, wastafelmeubel, design radiator en inloopdouche met luxe regendouche.  Eerste verdieping: via de trap kom je gelijk in de ruime woonkamer met veel lichtinval. Aansluitend aan de woonkamer vind je de open keuken, deze is voorzien van een vaatwasser, een koelkast, een gaskookplaat, een oven en een vaste kast met extra bergruimte. Naast de keuken vind je de nette toilet (vrijdragend). Tweede verdieping: door middel van een vaste trap bereik je de overloop van de tweede verdieping. Deze biedt toegang tot maar liefs 4 slaapkamers. Eén slaapkamers beschikt over een wastafel.  Tuin: vrij gelegen achtertuin op het zonnige zuiden met achterom en houten berging.  Kenmerken van de woning: Bouwjaar: 1975 Woonoppervlakte: 120 m2 Inhoud: 449 m3 Perceeloppervlakte: 101 m2 Cv ketel: Atag hre 325 ec combi eigendom (2014) Isolatie: dakisolatie en geheel dubbel glas Gedeeltelijk kunststof kozijnen Aanvullende informatie over de woning: - Groenstrook naast de woning is gepacht van de gemeente - Gevels zijn gereinigd in 2019 Wat deze woning speciaal maakt: - Centraal gelegen in Enschede Zuid met alle voorzieningen op korte afstand - Goed onderhouden hobbykamer met inpandige garage en vrijstaande houten berging. - Moderne badkamer en 4 slaapkamers.  WAARBORGSOM Indien volledige koopovereenstemming is bereikt en de koopovereenkomst wordt opgesteld, nemen wij in deze overeenkomst standaard een waarborgsom of bankgarantie op voor een bedrag van 10% van de koopsom. Interesse in dit huis? Schakel direct uw eigen NVM-aankoopmakelaar in. Uw NVM-aankoopmakelaar komt op voor uw belang en bespaart u tijd, geld en zorgen. Adressen van collega NVM-aankoopmakelaars in twente vindt u op Funda.nl",<200 https://www.funda.nl/en/koop/verkocht/enschede/huis-41034019-haarlebrink-1/>
6654BN,2020-11-10,2020-10-16,"€ 399,000 k.k.","Single-family home, semi-detached residential property",Resale property,1994,Back garden and front garden,184 m²,6 rooms (4 bedrooms),1 bathroom and 2 separate toilets,A,364 m²,"Deze woning blinkt uit in charme en sfeer! In deze rustige woonwijk de Gaard staat deze royale, geschakeld vrijstaande woning. Een woning met heerlijke zonnige tuin, gezellige overkapping én ruime garage. De diverse aanwezige stijlelementen geven de woning een zeer sfeervolle uitstraling: een erker in de woonkamer, houtkachel, een warme eikenhouten vloer en openslaande deuren naar de tuin. Dit alles, in combinatie met een frisse, lichte afwerking en alle moderne wooncomfort maakt dit een huis om verliefd op te worden! De erker aan de voorzijde zorgt voor een fijne lichtinval in de woonkamer en geeft een vrij uitzicht. De woonkamer staat in verbinding met de gezellige eethoek. Deze geeft doorgang naar de keuken welke is voorzien van een leuke bar en diverse inbouwapparatuur. Verder vind je op de begane grond nog een praktische bijkeuken, deze geeft binnendoor toegang tot de garage. De garage is ruim en voor verschillende doeleinde te gebruiken, vanaf de oprit is de garage te betreden door de openslaande deuren. Op de eerste verdieping vind je drie ruime slaapkamers, een moderne badkamer en een werkkamer die tevens te gebruiken is als vierde slaapkamer. De grootste slaapkamer is voorzien van een vaste kastenwand en de slaapkamer aan de voorzijde grenst aan het balkon. Wil je na een drukke werkdag lekker tot rust komen? Dat kan in de luxe badkamer welke is voorzien van een ligbad, regendouche en dubbele wastafel.  De ruime en praktische zolder is te bereiken via een vaste trap en biedt door het fijne lichtinval meer dan genoeg mogelijkheden! In de privacy volle achtertuin, gelegen op het zuiden, geniet je de gehele dag van het zonnetje! Net als de woning is ook de tuin sfeervol ingericht en is er ruimte genoeg voor een gezellige barbecue met al je vrienden. De fijne overkapping ingericht met houtkachel, biedt ruimte genoeg voor een lounge hoek én een grote eettafel, hier kun je bijna het hele jaar genieten, ideaal toch? Nog extra bergruimte nodig voor tuingereedschap? Achter de overkapping vind je nog een tuinberging. Kortom: een heerlijk huis met veel leefruimte, voldoende bergruimte en vele mogelijkheden om hier je thuis van te maken. Dit alles ook nog eens op een fijne plek. Je bent het met me eens? Dit huis is écht een bezichtiging waard! Het is mogelijk om deze woning alvast digitaal te bezichtigen door middel van de virtual tour (360 graden foto’s). Het Land van Maas en Waal is een van de fraaiste landschappelijke gebieden van Nederland. Het dorpje Afferden is gelegen in het Land van Maas en Waal en op enkele kilometers afstand van Druten, dat met zijn vele bedrijven, winkel-, onderwijs-, sport-, en recreatieve voorzieningen een van de belangrijkste regionale centra is in het Land van Maas en Waal. Indeling: Begane grond: hal v.v. meterkast; ruime lichte woonkamer v.v. erker; eetkamer v.v. openslaande deuren naar de achtertuin; half open keuken v.v. bar, vaste kast, kookplaat, afzuigkap, oven, koelkast en vaatwasser; ruime bijkeuken v.v. witgoedaansluiting; toilet; royale garage van ± 18 m². Eerste verdieping: overloop; vaste kast; vier slaapkamers van ± 12 m² v.v. toegang tot het balkon, ± 12 m², ± 15 m² en ± 22 m² v.v. een vaste kastenwand; toilet; moderne badkamer v.v. ligbad, regendouche en dubbel wastafel(meubel). Tweede verdieping zolder: te bereiken via vaste trap; ruime zolder van ± 18 m². Algemeen: Bouwjaar 1994. Perceeloppervlakte 364 m². Inhoud ± 665 m³. Woonoppervlakte ± 184 m². Overige inpandige ruimte (garage) ± 18 m². Externe bergruimte ± 9 m².  Bijzonderheden: - Buitenschilderwerk 2018 - Overkapping 2017 - Vaste trap naar de zolder 2011 - Badkamer 2009 - Energielabel A Deze informatie is door ons met de nodige zorgvuldigheid samengesteld. Onzerzijds wordt echter geen enkele aansprakelijkheid aanvaard door enige onvolledigheid, onjuistheid of anderszins, dan wel de gevolgen daarvan. Alle opgegeven maten en oppervlakten zijn indicatief.",<200 https://www.funda.nl/en/koop/verkocht/afferden-ge/huis-41041044-de-gaard-61/>
3905MJ,2020-11-26,2020-10-14,"€ 925,000 k.k.","Single-family home, detached residential property",Resale property,1989,Surrounded by garden,294 m²,12 rooms (8 bedrooms),3 bathrooms and 1 separate toilet,B,"1,000 m²","Deze woning heeft een eigen site. Neem een kijkje op munnikenweg64.nl  Op een unieke en rustige locatie is deze sfeervolle, royale en vrijstaande woning gelegen op een riant perceel van maar liefst 1000 m². Het geheel is perfect onderhouden en verkeert in zeer goede staat. Wat deze woning uniek maakt zijn de twee extra woonruimtes, achter het woonhuis. Daardoor is deze woning uitstekend geschikt voor bijvoorbeeld mantelzorg.  Om sfeer te proeven en een juiste indruk van dit woonhuis met garage en de extra woonruimtes te krijgen is een bezichtiging een absolute must. Specificaties: * Bouwjaar: 1989 * Woonoppervlakte: ca. 294 m² * Inhoud woning: ca. 1152 m³ * Perceel eigen grond: 1000 m² Sleutelwoorden bij dit object zijn: sfeervolle en warme uitstraling, hoogwaardige afwerking, landelijke details en veel ruimte! Locatie: Dit comfortabele woonhuis is gelegen aan de rand van Veenendaal maar het gezellige centrum is ook goed met de fiets te bereiken. Het centrum heeft een zeer uitgebreid winkelaanbod en allerlei voorzieningen zoals een bibliotheek, het theater ‘’De Lampegiet’’, kerken, scholen en diverse uitgaansgelegenheden zijn hier te vinden. Op fietsafstand zijn gelegen de bossen van de 'Utrechtse Heuvelrug'. Via de rondwegen om Veenendaal zijn er uitstekende aansluitingen naar de snelwegen A12, A15 en A30. Daarnaast beschikt Veenendaal over meerdere NS-stations. Kortom; een rustige en centrale plek om te wonen, met alle voorzieningen binnen handbereik. Indeling woonhuis: Via de oprit komt u bij de overdekte entree van de woning. In de ruime en lichte ontvangsthal (ca. 12 m²) vindt u de trapopgang naar de eerste verdieping en de nette toiletruimte met ‘zwevend toilet en fontein. Vanuit de hal heeft u toegang tot het kantoor (ca. 10.8 m²) en de woonkamer (ca. 54 m²). Nagenoeg de hele begane grond is voorzien van een natuurstenen vloer met vloerverwarming. De wanden zijn afgewerkt met glad glasvezelbehang en de plafonds zijn strak afgewerkt met stucwerk.  Woonkamer: De royale woonkamer (ca. 54 m²) is gesitueerd aan de voorzijde van de woning en heeft een sfeervolle open haard en is voorzien van LED inbouwspots. Hier kunt u een gezellige zithoek creëren. Daarnaast blijft er in de woonkamer nog genoeg ruimte over voor een eettafel. Een leuk detail zijn de stalraampjes en de ramen met roedeverdeling wat zorgt voor een landelijke sfeer.  Vanuit de woonkamer is een praktische inloopkast en een extra kamer (ca. 10.5 m²) te bereiken. Deze ruimte is momenteel in gebruik als TV-kamer maar kan natuurlijk voor veel anderen doeleinden gebruikt worden. Denk bijvoorbeeld aan een speelkamer voor de kinderen. Een plezierige ruimte waar de kinderen heerlijk hun gang kunnen gaan.  Eetkeuken: Vanuit de woonkamer is de royale eetkeuken (ca. 24 m²) te bereiken. Hier staat een moderne hoekkeuken (2018) opgesteld met veel opbergruimte in de witte onder- en bovenkasten. Daarnaast heeft de keuken een composiet werkblad met spoelbak. De keuken is van de nodige apparatuur voorzien, namelijk een inductiekookplaat met design afzuigkap, een combi-oven, een vaatwasmachine en een koelkast. De keuken is ruim opgezet en is de perfecte plek om rustig te eten met het gezin. De achterdeur met vouwgordijnen geeft toegang tot de tuin. Bijkeuken: Vanuit de keuken is een tweede hal bereikbaar. Hier vindt u een deur, voorzien van vouwgordijnen, naar buiten en een deur die toegang geeft tot de bijkeuken (ca. 7 m²). De praktische bijkeuken beschikt over een extra spoelbak, de aansluitingen voor de wasaparatuur en de opstelling van de C.V.-combiketel (Intergas, 2020). Daarnaast is het mogelijk om hier een vriezer te plaatsen. Eerste verdieping: Gekomen op de overloop van de eerste verdieping heeft u toegang tot de vijf slaapkamers (voorheen zes) en de moderne badkamer. Op deze verdieping ligt een fraaie laminaatvloer. Slaapkamers: De grote ouderslaapkamer (ca. 26 m²) is gelegen aan de voorzijde van de woning. Een heerlijk lichte kamer, met een dakkapel en een grote garderobekast. Deze kamer is sfeervol afgewerkt met inbouwspots. Daarnaast treft u aan de voorzijde een tweede slaapkamer (ca. 10.6 m²). Aan de achterzijde van de woning vindt u de derde (ca. 7.6) en de vierde slaapkamer (ca. 11.5 m²). Deze laatstgenoemde kamer heeft een deur naar het platte dak van de aanbouw en heeft praktische opbergruimte in de trapkast. De vijfde slaapkamer (ca. 14.7 m²) is aan de zijkant van het huis gesitueerd. Deze slaapkamer heeft een dakkapel en een fraaie inloopkast.  Badkamer: De moderne badkamer (ca. 7 m²) is betegeld in antraciet/witte kleurstelling en is compleet ingericht met een ligbad, een inloopdouche, een wastafelmeubel met dubbele wasbak en een ‘zwevend’ toilet. In de badkamer is vloerverwarming aanwezig en een afzuigsysteem. Ook is de badkamer voorzien van LED inbouwspots. Zolder: Via een vaste trap komt u op de ruime zolder (ca. 19 m²). Een mooie ruimte, waar u in het midden kunt staan. U kunt deze ruimte helemaal naar eigen wens en smaak afwerken. Extra woonruimte I: Via een eigen entree komt u in deze keurig afgewerkte kamer (ca. 16 m²) met internetaansluiting, een open keuken, een badkamer en een separaat toilet. De keuken is voorzien van een gaskookplaat met afzuigkap, een koelkast met vriesvak en een spoelbak. Het toilet en de badkamer zijn modern afgewerkt met antraciet/witte betegeling. In de badkamer vindt u een douchehoek, een wastafelmeubel en een wasmachineaansluiting. De badkamer is ook voorzien van een eigen afzuigsysteem.  Extra woonruimte II: Via een eigen entree komt u in de hal met toegang tot de woonkamer/keuken en de separate toiletruimte. De woonkamer (ca. 13.7 m²) is heerlijk licht, dankzij de vele ramen. De moderne, open keuken heeft een rechte opstelling en is voorzien van een gaskookplaat met afzuigkap, een koelkast met vriesvak, en een spoelbak.  Vanuit de woonkamer zijn twee slaapkamers te bereiken en de badkamer. De ouderslaapkamer (ca. 8 m²) heeft een vast tweepersoonsbed met kastenombouw. De tweede slaapkamer (ca. 5 m²) heeft een deur naar buiten. Verder vindt u in de nette badkamer een douchehoek, een wastafelmeubel en de aansluiting voor de wasmachine. Ook beschikt deze badkamer over een eigen afzuigsysteem. Deze woonruimte heeft een eigen C.V.-installatie (2016) en vloerverwarming. Daarnaast is er een internetaansluiting aanwezig. Tuin: De verzorgde en zonnige tuin van de hoofdwoning heeft een prachtig terras en een veranda (ca. 10 m²) waar u heerlijk vrij kunt zitten. Daarnaast heeft de tuin een gazon, wat ook een fijne speelruimte is voor kinderen. De voortuin is fraai aangelegd met een gazon. Daarnaast staan hier ook twee oude fruitbomen, namelijk een handpeer- en een handappelboom. In de tuin is een beregeningsinstallatie aanwezig. Deze is handmatig bedienbaar. Naast de woning loopt een brede oprit, zodat u uw auto’s op eigen terrein kunt parkeren. De oprit is via een afgesloten hek te bereiken. Deze is elektrisch te bedienen. Ook vindt u hier een intercomsysteem.  Bijgebouwen: De woning heeft een grote garage met bergzolder van maar liefst ca. 28 m². Via openslaande deuren is de garage te bereiken. De garage heeft ook een deur met toegang tot het terras.  Achter op het perceel is nog een extra, houten schuurtje te vinden. Daarnaast vindt u aan de achterkant van het huis een trampoline, dubbele schommel, een houtopslag en een stoofpeer- en stoofappelboom.  Goed om te weten: * Het buiten schilderwerk is in 2020 uitgevoerd. * De keuken is in 2018 vernieuwd. * De luiken geven het huis een leuke uitstraling en zorgen in de zomer voor een extra koel huis. * Alle slaapkamers zijn voorzien van rolhorren. * kijk op ditisveenendaal.nl voor meer informatie over Veenendaal * Oplevering in overleg. Hoewel deze verkooptekst met de grootst mogelijke zorg is samengesteld kan de makelaar geen aansprakelijkheid aanvaarden voor eventuele per abuis opgenomen onjuiste of onvolledige informatie.",<200 https://www.funda.nl/en/koop/verkocht/veenendaal/huis-41040634-munnikenweg-64/>
4464AS,2020-11-20,2020-10-17,"€ 245,000 k.k.","Single-family home, row house",Resale property,1979,Back garden,102 m²,4 rooms (3 bedrooms),1 bathroom and 1 separate toilet,C,210 m²,"Op een absolute super plek in de Goese wijk 'Noordhoek' bieden wij de Hornikswei 23 aan! De Hornikswei is een rustige straat met enkel bestemmingsverkeer. De rust, speeltuintjes en het groen zorgen ervoor dat dit de ideale plek is voor starters en jonge gezinnen.  Met drie slaapkamers, de badkamer op de eerste verdieping, een ruime woonkamer en open keuken is dit een zeer geschikte ruime tussenwoning. De woning beschikt over een carport voor het huis en een heerlijke diepe achtertuin welke gunstig op het zuiden ligt, grenzend aan een bosperceel wordt de privacy extra gewaarborgd.  Hoe ziet de woning eruit? Toegang tot het huis wordt bereikt via de overkapte entree, waarna de hal met toilet en meterkast volgt. Achter de eerste deur ligt de bijkeuken/berging achter de andere deur een tweede hal met de trapopgang naar de eerste verdieping. Hierna volgt de ruime woonkamer. De woonkamer ligt over de gehele breedte aan de achterzijde van de woning en heeft een prachtig zicht op de tuin. Door de grote raampartij valt veel licht de woonkamer binnen, wat het ruimtelijke gevoel nog meer versterkt. Direct achter de woning ligt de overkapping, waardoor er ook een heerlijke schaduwplek in de tuin is. In de wintermaanden kan er in de woonkamer heerlijk rondom de houtkachel gezeten worden.  Aansluitend aan de woonkamer bevindt zich de nette en moderne open keuken. Doordat de keuken open is gehaald is de benedenverdieping een ruime en lichte ruimte geworden. De keuken is in een L-vorm gelegen en heeft in het midden een schiereiland. De keuken is voorzien van een gaskookplaat, afzuigkap, vaatwasser en combimagnetron.  Voor de woning ligt de berging, die ook direct dienstdoet als bijkeuken. Hier zijn namelijk de aansluitingen van witgoedapparatuur gerealiseerd. Daarnaast geeft het extra bergruimte.  De eerste verdieping bestaat uit een drietal slaapkamers en de badkamer. De nette badkamer beschikt over douche en wastafel. De badkamer en de eerste slaapkamer liggen voorin met achterin de tweede en derde slaapkamer.  Met een perceel van 210 m2 eigen grond is voor de woning op eigen terrein plek voor een auto. Achter de woning ligt een diepe tuin op het zuiden. Hierdoor kan er een hele dag van de zon worden genoten. De tuin grenst aan een strook groen, waardoor het ook nog eens een rustige plek is. Door het plaatsen van in totaal 11 zonnepanelen wordt ook de energiekosten enorm gedrukt. De woning is daarmee eigenlijk zo te betreden en klaar voor de nieuwe bewoners! Bent u benieuwd naar de woning en de tuin? Dan bent u van harte welkom om de woning te komen bezichtigingen!",<200 https://www.funda.nl/en/koop/verkocht/goes/huis-41042252-hornikswei-23/>
7463DD,2020-10-30,2020-10-14,"€ 385,000 k.k.","Single-family home, double house",Resale property,2002,Back garden and front garden,159 m²,6 rooms (4 bedrooms),1 bathroom and 1 separate toilet,B,298 m²,"Instapklare tweekapper. Je hoeft alleen nog maar te verhuizen! Deze twee-onder-één-kapwoning heeft alles wat je zoekt. Zo is er onder andere een ruime tuin met vrijstaande douglas overkapping / berging, een praktische bijkeuken, een prachtige leefkeuken met nette inbouwkeuken, een uitgebouwde woonkamer en maar liefst 4 slaapkamers. De huidige eigenaren hebben de garage verbouwd tot leefruimte waardoor deze ideaal te gebruiken is als kantoor- of praktijk aan huis. Uiteraard kan het ook als speelkamer gebruikt worden! In 2010 zijn de huidige bewoners eigenaar geworden van de woning waarna zij deze volledig hebben ingericht en hierbij een hoogwaardig afwerkingsniveau hebben gehanteerd. Zo zijn er in de woning houten kozijnen met stompe deuren aanwezig, is de begane grond voorzien van vloerverwarming en elektrische rolluiken, beschikt de woning over een centraal stofzuigersysteem en zijn de wanden afgewerkt met strak glasvliesbehang.  De omgeving De woning is gelegen aan een rustige en kindvriendelijke woonstraat in de gewilde woonwijk Veeneslagen. Voor de dagelijkse boodschappen hoef je niet ver te rijden. De Jumbo is namelijk binnen enkele minuten te bereiken. Hetzelfde geldt voor verschillende basisscholen zowel de Julianaschool als de Banisschool zijn op loopafstand. Zin in een wandeling? Met enkele minuten loop je in het natuurgebied de Ligtenberg en de Elsenerbeek.  Indeling Begane grond In de hal vind je het toilet, de meterkast, provisiekast en vanaf hier is de eerste verdieping te bereiken. De ruime uitgebouwde woonkamer beschikt over veel lichtinval. De keuken is gesitueerd aan de achterzijde en is voorzien van een luxe inbouwkeuken met fornuis, vaatwasser, quooker, koelkast en natuurstenen blad. Daarnaast is er nog een praktische bijkeuken aanwezig. De garage is omgebouwd tot woonruimte waardoor deze ideaal te gebruiken is als kantoor- of praktijkruimte.  1e verdieping Vanaf de overloop zijn drie royale slaapkamers te bereiken. De moderne badkamer is van alle gemakken voorzien en beschikt onder andere over een whirlpool, douche, toilet en designradiator.  2e verdieping Middels een vaste trap is de tweede verdieping te bereiken. Op deze verdieping vinden we nog een extra slaapkamer en is er een bergruimte gerealiseerd.  Pluspunten van de woning -	Gelegen in kindvriendelijke en rustige woonomgeving -	De woning beschikt over dak-, muur- en vloerisolatie en is voorzien van HR++ beglazing. -	De voormalig garage is Ideaal te gebruiken als kantoor- of praktijkruimte -	Het schilderwerk buitenom is voor het laatst uitgevoerd in 2019 -	Heerlijke overkapping met berging in de achtertuin -	Eigen oprit met carport en achterom -	Volledig voorzien van rolluiken (deels elektrisch)",<200 https://www.funda.nl/en/koop/verkocht/rijssen/huis-41048145-mulder-24/>
6029TP,2020-11-24,2020-10-27,"€ 260,000 k.k.","Single-family home, row house",Resale property,2019,Back garden and front garden,85 m²,5 rooms (3 bedrooms),1 bathroom and 1 separate toilet,A,169 m²,"Let op! Het betreft een bieden vanaf prijs!  Aan de rand van Sterksel treft u deze nette, instapklare tussenwoning uit 2019. De woning is geheel geïsoleerd en voorzien van zonnepanelen op het dak. De begane grond beschikt over een sfeervolle woonkamer met een open keuken. Op de eerste verdieping vindt u drie slaapkamers en een moderne badkamer. Middels de vaste trap komt u uit op de tweede verdieping met mogelijkheid tot het realiseren van een extra slaapkamer en waar zich de aansluiting voor de witgoedapparatuur bevindt. De woning is gelegen nabij het centrum van Maarheeze en binnen enkele autominuten van de autosnelweg A2. Inhoud: 393 m3 Woonoppervlakte: 85 m2 Perceeloppervlakte: 169 m2 Aanvaarding: In overleg Begane grond Entree/hal Via de aangelegde voortuin bereikt u de woning. U komt binnen in de hal waar u de toiletruimte, meterkast, berging en de trapopgang naar de eerste verdieping kunt bereiken. Vanuit de hal is er toegang tot de woonkamer.  Toiletruimte De geheel betegelde toiletruimte is met een vrijhangend toilet en een fonteintje.  Woonkamer De strak afgewerkte woonkamer geniet van veel natuurlijk licht door de grote raampartijen aan de achterzijde van de woning. De achtertuin kunt u bereiken via twee openslaande deuren. Tevens bevindt zich in de woonkamer een trapkast met voldoende bergruimte. De woonkamer staat in directe verbinding met de open keuken.  Keuken De open keuken bevindt zich aan de voorzijde van de woning en is voorzien van verschillende inbouwapparatuur. Er is een vaatwasser, koelkast, combi-magnetron, 4-pits inductiekookplaat, quooker en afzuigkap. Daarnaast beschikt de keuken over een kunststof houtlook aanrechtblad en verschillende onderkasten in een lichte tint. Het raam biedt u tijdens het koken uitzicht op straat.  De gehele begane grond is voorzien van een prachtige pvc-vloer met vloerverwarming. Aan de achtergevel is een rolluik bevestigd.  Eerste verdieping Overloop De overloop op de eerste verdieping biedt u toegang tot drie slaapkamers, de badkamer en de vaste trapopgang naar de tweede verdieping. Slaapkamers Slaapkamer l: de masterbedroom is gelegen aan de achterzijde van de woning en meet ca. 13 m2. Slaapkamer ll: de tweede slaapkamer is eveneens gelegen aan de achterzijde van de woning en meet ca. 8 m2. Slaapkamer lll: de derde slaapkamer is gelegen aan de voorzijde van de woning en meet ca. 9 m2.  Badkamer De geheel betegelde badkamer is voorzien van een douche, vrijhangend toilet en wastafel met meubel. De badkamer is voorzien van verschillende type tegels, wat zorgt voor een extra leuk contrast in deze ruimte.  De gehele eerste verdieping is voorzien van een pvc-vloer en rolluiken.  Tweede verdieping  Zolderverdieping Middels de vaste trap komt u uit op de zolderverdieping. De tweede verdieping is ca. 25 m2 en beschikt over een laminaat vloer en bergkasten achter de knieschotten. Tevens vindt u hier de aansluiting voor het witgoedapparatuur en de omvormer van de zonnepanelen. Er is voldoende ruimte voor het creëren van extra slaapkamer.  Exterieur Achtertuin De modern ingerichte achtertuin is voorzien gras en een prachtig terras. Via een bestraat pad door de tuin, komt u uit bij het terras waar u heerlijk kunt zitten tijdens warme zomerdagen. De tuin is naar eigen wens in te richten. Achter in de tuin bevindt zich een achterom en een berging. Berging In de hout betimmerde berging van ca. 5m2 heeft u alle ruimte voor het plaatsen van bijvoorbeeld uw tuingereedschap en fietsen.  Parkeerplaats Direct achter de woning is een parkeerterrein gelegen met een eigen vaste parkeerplaats.  Bijzonderheden * Betreft een nette, instapklare woning uit 2019 * Woning beschikt over zonnepanelen * De woonkamer geniet van veel lichtinval * De woning beschikt over rolluiken op de achtergevel en op de eerste verdieping * Eigen vaste parkeerplaats op mandelig terrein € 50,-- per jaar servicekosten VvE Ligging Sterksel is een van de kernen van de gemeente Heeze-Leende. Van 1816 tot 1925 behoorde Sterksel tot de gemeente Soerendonk en Sterksel. Deze gemeente is in 1819 uitgebreid met Gastel. In 1925 werd de plaats toegevoegd aan de gemeente Maarheeze. In Sterksel is het heerlijk wonen met een aantal basisvoorzieningen binnen handbereik. Denkt u hierbij aan de supermarkt, basisschool, horeca voorzieningen en diverse sportverenigingen. Daarnaast zijn in de naastgelegen dorpen Heeze/Leende/Someren overige voorzieningen (waaronder treinstation) binnen 5 tot 10 minuten bereikbaar.",<200 https://www.funda.nl/en/koop/verkocht/sterksel/huis-41153343-koolmeesstraat-15/>
9981JW,2020-11-06,2020-10-10,"€ 198,000 k.k.","Single-family home, detached residential property",Resale property,1996,"Back garden, front garden and side garden",88 m²,4 rooms (3 bedrooms),1 bathroom and 1 separate toilet,B,319 m²,"Goed onderhouden VRIJSTAAND WOONHUIS met vrijstaande ruime GARAGE, CENTRALE LIGGING en HEERLIJKE TUIN op het zuidwesten. Enkele kenmerken van deze uitstekend onderhouden vrijstaande woning. Het geheel staat op 319 m² eigen grond en onderscheidt zich door de lichte, prettige leefruimten en de optimale ligging ten opzichte van openbaar vervoer, sportvoorzieningen en winkelaanbod. De ruime garage en de heerlijk besloten tuin op het zonnige zuidwesten maken het geheel compleet. Maak gerust een afspraak voor een vrijblijvende bezichtiging en laat u verrassen door deze fraaie woning. Kijk voor een volledige presentatie met full HD foto's, video, 360 graden foto's en de plattegrond op ulbrandahof8.nl Op deze site kunt u ook de brochure inzien en alle beschikbare informatie van de woning opvragen. Deze fraaie woning is gelegen in een rustige, kindvriendelijke woonwijk met een ruim winkelaanbod, uitstekend openbaar vervoer en sportvoorzieningen binnen handbereik. Daarnaast bent u met de trein of met de auto verrassend snel in het centrum van de bruisende stad Groningen met haar culturele aanbod, opleidingsmogelijkheden en uitgaansgelegenheden.  Indeling: Vanuit de entree/hal met trapopgang en meterkast, komt u in de ruime, lichte woonkamer/living met open keuken, samen ca. 40m² groot. De keuken kent een nette keukeninrichting voorzien inbouwapparatuur zoals een 4-pits gaskookplaat met wasemkap, oven en een koelkast. Aansluitend de bijkeuken met witgoedaansluitingen en toegang tot de tuin.  Op de verdieping bevinden zich naast de ruime overloop/ vide, 3 prima slaapkamers van resp. ca. 5,5, 6,5 en 9m² en de nette badkamer met ligbad, douchecabine en een wastafelmeubel.  De heerlijke, besloten tuin is gesitueerd op het zonnige zuidwesten en bestaat voornamelijk uit terras/ bestrating en borders. De tuin beschikt over een achterom en door het besloten karakter over veel privacy. Garage/ schuurruimte: Vrijstaande houten garage/ schuurruimte voorzien van een betonvloer, elektrische (en op afstand te openen) kanteldeur, bergzolder en een ruime oprit.  Bijzonderheden: - Volledig geïsoleerd woonhuis, bouwjaar 1996 - Rondom kunststof kozijnen, dakgoten en gevelbekleding - CV-ketel Bosch HRC30 CW5 '13 (eigendom)",<200 https://www.funda.nl/en/koop/verkocht/uithuizen/huis-41034750-ulbrandahof-8/>
1335DK,2020-11-22,2020-10-16,"€ 238,000 k.k.","Single-family home, row house",Resale property,1998,Back garden and front garden,96 m²,4 rooms (3 bedrooms),1 bathroom and 1 separate toilet,B,130 m²,"Deze riante woning met een woonoppervlakte van maar liefst 130 m2 en gelegen in een rustige, kindvriendelijke buurt bieden wij u aan middels een bieden vanafprijs! Gelegen in de altijd groene Seizoenenbuurt, een wijk welke ruim en groen is opgezet, bieden wij u deze aansprekende eindwoning aan. De woning heeft zowel een voor- als achtertuin, vier slaapkamers, riante woonkeuken en ruime woonkamer. De woning is staande en gelegen op een zeer centrale locatie in de wijk met voldoende parkeergelegenheid voor de deur. Alle voorzieningen zoals scholen, winkels, openbaar vervoer, park en de uitvalswegen naar de snelweg zijn snel bereikbaar.  Indeling: Via de voortuin bereikt men de entree. Binnenkomst in de hal met toegang tot de meterkast, toilet en de woonkeuken. De keuken is riant te noemen, hier kunt u heerlijk koken en tafelen met al uw vrienden en familie. De keuken is uitgevoerd in een praktische hoekopstelling. Uiteraard is deze voorzien van diverse inbouwapparatuur zoals een oven, gaskookplaat, afzuigschouw en koel-vriescombinatie.  Eerste verdieping: Overloop met toegang tot de drie slaapkamers en de badkamer. De slaapkamers zijn van een verschillend formaat, van een prima afmeting en goed indeelbaar. De badkamer is uitgerust met een douchecabine, wastafel en een tweede toilet.  Zolder: Ruime zolderverdieping met grote vierde slaapkamer, twee dakvensters. Tevens is er een opstelplaats voor de CV ketel en was-droogcombinatie.  Tuin: Fijne en zonnige achtertuin met vrijstaande berging, bestrating, buitenkraan, beplanting en achterom.  Algemeen: - Vier slaapkamers - Zonnige achtertuin - Moderne keuken - CV-ketel is gehuurd, kosten circa € 35,00 per maand - Aanvaarding in overleg",<200 https://www.funda.nl/en/koop/verkocht/almere/huis-41043607-julistraat-32/>
6823PD,2020-11-13,2020-10-23,"€ 499,000 k.k.","Single-family home, row house",Resale property,2001,Back garden,156 m²,5 rooms (3 bedrooms),1 bathroom and 1 separate toilet,A,124 m²,"Dit is modern en luxe wonen op een toplocatie! Deze sfeervolle tussenwoning heeft een markante architectuur, prachtige gietvloeren, een luxe keuken en badkamer, een open haard, een tuin én een dakterras en zelfs een sauna. Oh, en dan ook nog drie zeer royale slaapkamers. Hier wil je toch wonen!? De woning staat in de wijk Monnikenhuizen; een populaire wijk en dat is niet voor niets. Het is hier ruim, groen en rustig, maar ook dicht bij de stad. Omgeven door mooie parken zoals Park Angerenstein en Park Klarenbeek en met volop voorzieningen in de buurt waaronder verschillende goed aangeschreven middelbare scholen. Voor je boodschappen loop je zo naar de Jumbo en op de fiets ben je in tien minuten in Arnhem centrum.  Indeling Begane grond Deze woning is tiptop afgewerkt en dat zie je direct zodra je binnenkomt. De muren en plafonds zijn strak en er zijn mooie materialen gebruikt. De fraaie gietvloer zorgt voor een moderne, industriële uitstraling en de grote ramen maken het lekker licht. In de hal vind je het luxe uitgevoerde toilet en de trap naar boven. Vanuit de hal kom je in de ruime, tuingerichte woonkamer met sfeervolle open haard en ruime trapkast.  De keuken ligt aan de voorzijde van de woning en is, je verwacht het al, luxe en modern. Het geheel is strak, wit en voorzien van de nodige inbouwapparatuur zoals een (stoom)oven, inductiekookplaat, afzuigkap en vaatwasser. In de keuken is er ook genoeg ruimte om een eethoek neer te zetten. Eerste verdieping Op de eerste verdieping is de ruime overloop, de badkamer, een aparte waskamer en twee slaapkamers. De slaapkamers zijn allebei ruim, licht en modern afgewerkt met strakke muren en fraaie gietvloeren. Een van de kamers is voorzien van een sauna; wat een luxe! De badkamer past perfect in het plaatje; modern, luxe en helemaal compleet met een dubbele wastafel, ligbad, toilet en doucheruimte. Alsof je je in een hotel waant! Tweede verdieping Ook de tweede verdieping is om door een ringetje te halen. Hier heb je een zeer riante slaapkamer met een dakterras. Op mooie dagen heerlijk buiten ontbijten of een afzakkertje drinken op het terras, hoe heerlijk is dat? Buiten Je kunt kiezen waar je buiten wilt zitten; op dat ruime dakterras met uitzicht over de groene omgeving of toch liever in de achtertuin? De achtertuin is volledig betegeld en dus onderhoudsarm, maar toch heel sfeervol. Je hebt hier een terras en achter in de tuin een pergola en een overkapt deel. Dus ook bij minder mooi weer kun je prima buiten zitten. Achter in de tuin staat ook een berging voor bijvoorbeeld fietsen.  Bijzonderheden ·	Woonoppervlakte: 156 m² ·	Gebouw gebonden buitenruimte: 14 m² ·	Externe bergruimte: 6 m² ·	Inhoud woning: 527 m³ ·	Bouwjaar: 2001 ·	Tuin en heerlijk dakterras ·	Hoogwaardig en modern afgewerkt ·	Luxe keuken en badkamer ·	Sauna en open haard (ter overname)",<200 https://www.funda.nl/en/koop/verkocht/arnhem/huis-41151001-augustijnenstraat-6/>
4384HW,2020-11-20,2020-10-28,"€ 239,000 k.k.","Single-family home, row house",Resale property,1982,Back garden and front garden,110 m²,5 rooms (4 bedrooms),1 bathroom and 1 separate toilet,C,138 m²,"Instapklare ruime tussenwoning met tuin op het westen, rustig gelegen in de geliefde woonwijk Paauwenburg. Het geheel is keurig onderhouden. Met een heerlijke lichte en ruime woonkamer, open keuken, goede slaapkamers, luxe sanitair en een verzorgde tuin is dit een ideale woning! Het stadcentrum van Vlissingen en het strand zijn op fietsafstand bereikbaar.  Indeling: Begane grond. Entree in hal met meterkast en doorgang naar de woonkamer. De zithoek bevindt zich aan de voorzijde en beschikt door de grote raampartijen over een prettige lichtinval. Open keuken aan tuinzijde met lichte kastfronten, een donker werkblad en alle wenselijke inbouwapparatuur. De zonnige tuin is bereikbaar via de keuken. 1e verdieping. Overloop met 3 goede slaapkamers en een luxe badkamer met ligbad, douche, toilet en wastafelmeubel. Ook op deze verdieping is alles keurig afgewerkt!  2e verdieping. Overloop met CV opstelling en aansluitingen voor de wasmachine en wasdroger. Hier treft u een ruime 4e slaapkamer. De tuin is gelegen op het noordoosten en heeft veel privacy. Het geheel is fraai aangelegd en beschikt verder over een ruime berging en een vrije achterom. Diversen Dak- en muurisolatie en dubbel glas, rolluiken voor- en achterzijde, keuken; 6 pits boretti fornuis, badkamer met vloerverwarming. Locatie De woning ligt op steenworpafstand van een groen park, basisscholen en diverse winkels voor alle dagelijkse boodschappen. Ook staat u zo op strand, in de stad of het nollenbos.  De afwerking, ruimte en locatie zelf ervaren? Plan een bezichtiging in!",<200 https://www.funda.nl/en/koop/verkocht/vlissingen/huis-41166540-martin-luther-kingstraat-11/>
2245VL,2020-11-18,2020-10-29,"€ 468,000 k.k.","Single-family home, row house",Resale property,2005,Back garden,119 m²,5 rooms (4 bedrooms),2 bathrooms and 2 separate toilets,A,120 m²,"4SALE In rustige, kindvriendelijke woonomgeving gelegen moderne eengezinswoning, op slechts 5 km van het centrum van Den Haag,met prachtig uitzicht aan de achterzijde over de weilanden. Indeling:  Begane grond, entree, hal met ruime trapkast en modern toilet met fontein. Lichte woonkamer aan de tuinzijde met eikenparketvloer met vloerverwarming en -koeling, schuifpui naar de achtertuin gelegen op het zuidwesten, voorzien van elektrisch zonnescherm en moderne keuken aan de straatzijde met inbouw apparatuur o.a. inductiekookplaat en een hardstenen aanrechtblad. Fraai aangelegde zonnige achtertuin met schuur, voorzien van elektra en achterom. Zeer veel privacy en uitzicht over de weilanden. Eerste verdieping, overloop, ruime badkamer voorzien van ligbad, regendouche, dubbele wastafel en toilet. Voorslaapkamer met Frans balkon, twee achterslaapkamers van goed formaat met mooi uitzicht. Tweede verdieping, overloop, badkamer met douche, wastafel en opstelplaats voor wasmachine en droger, separaat toilet en riante slaapkamer voorzien van velux dakramen. Mechanische ventilatie met warmteterugwinning (WTW) achter knieschot. Op de gehele verdieping riante bergruimte achter knieschotten met toegang d.m.v. diverse luiken. Deze woning is voorzien van collectieve energie-installatie met aardewarmte (L.T.V.). Tevens heeft de woning de mogelijkheid voor een uitbouw aan de achterzijde, bij de bouw is reeds een fundering daarvoor aangelegd. Bijzonderheden: - Volledige isolatie zoals o.a. dakisolatie en spouwisolatie; - HR ++ beglazing; - Alle verdiepingsvloeren met verwarming en -koeling. Interesse in dit huis? Schakel direct uw eigen NVM-aankoopmakelaar in. Uw NVM-aankoopmakelaar komt op voor uw belang en bespaart u tijd, geld en zorgen. Adressen van collega NVM-aankoopmakelaars vindt u op Funda.",<200 https://www.funda.nl/en/koop/verkocht/wassenaar/huis-41189636-woutersstraat-42/>
