name_broker,zipcode_broker,description_broker,number_reviews_broker,number_houses_for_sale_offered,number_houses_sold_last_12_months
van Santvoort Makelaars,5654 AN,Missing value,153,572,407
Makelaarsland,1821 BS,"Wij zijn Makelaarsland, en wij staan naast je als je dat nodig  hebt en achter je als je zelf het heft in handen neemt. Wij helpen  en ontzorgen. Wij zorgen ervoor dat je makkelijk, snel en effectief  je huis verkoopt óf een ander aankoopt. Met ervaring,  logica, de laatste techniek van vandaag en pasklare oplossingen en  gaan altijd voor het maximaal haalbare resultaat. Gegarandeerd. We  spannen ons voor ieder huis even hard in.  We hebben een vast  tarief en maken heldere afspraken. En dat doen we allemaal op een  nuchtere, open en eerlijke manier. Wij zijn Makelaarsland, we  geloven niet in mooie praatjes en maken waar wat we beloven.",Missing,604,2739
Schieland Borsboom regio Rotterdam,3011 KA,"Met kantoren in Rotterdam, Den Haag en Zoetermeer, een team waar  we heel blij mee zijn, een mooie woningportefeuille en een flinke  dosis gedrevenheid, staan wij dagelijks klaar voor onze kopers,  verkopers, huurders, verhuurders, beleggers en  projectontwikkelaars. Met trots prijken wij ieder jaar steevast in  de Top 10 van de Vastgoed Top100 als Best Verkopende Makelaars.",67,460,392
Hans Janssen Garantiemakelaars,6511 TE,"Wij onderscheiden ons in de eerste plaats door onze  medewerk(st)ers! Zij bepalen de kwaliteit van de dienstverlening  van Hans Janssen Garantiemakelaars. Maak kennis met  één van hen en met onze specifieke werkwijze als NVM  makelaar, Garantiemakelaar en NVM nieuwbouw-specialist!",136,404,490
Corpowonen,7901 AE,"Wij onderscheiden ons van de traditionele makelaar door het  aanbieden van deeldiensten op het gebied van verkoop van  bestaande koopwoningen, verkoop van nieuwbouwprojecten  en verhuur van (vrije sector) huurwoningen.",3,193,997
Eefje Voogd Makelaardij,1077 DG,Missing value,Missing,656,477
TW3 Strategie Marketing Makelaardij,3016 CJ,  TW staat voor Toegevoegde Waarde,Missing,567,443
Makelaardij Hoekstra Leeuwarden,8911 AW,Nagenoeg alle vastgoeddisciplines zijn in ons bedrijf  verenigd;,233,277,378
Damen Makelaardij,6417 BN,"Damen is een full-service advieskantoor voor  makelaardij, hypotheken en verzekeringen. Al drie generaties  lang!",174,169,579
Ooms Makelaars Rotterdam,3071 NJ,"Ooms Makelaars is al meer dan 90 jaar specialist in woonzaken.  Onze enthousiaste makelaars verkopen, kopen, huren of verhuren jouw  woning. We helpen je ook graag met een nieuwe hypotheek, het  taxeren van je woning en het zoeken van de juiste verzekeringen  voor jouw situatie.",387,589,597
Frisia Makelaars,2585 AA,Missing value,193,686,683
Olsthoorn NVM Makelaars,2548 HN,"Olsthoorn Makelaars is met haar drie vestigingen een  full-service makelaarskantoor. Een specialist in de verkoop en  aankoop van woningen, zowel nieuwbouw als bestaande bouw.  Wij  adviseren u graag op welk moment en met welke verkoopstrategie u uw  woning te koop kunt zetten.",344,427,429
Schieland Borsboom regio Den Haag,2496 TC,"Met kantoren in Rotterdam, Den Haag en Zoetermeer, een team waar  we heel blij mee zijn, een mooie woningportefeuille en een flinke  dosis gedrevenheid, staan wij dagelijks klaar voor onze kopers,  verkopers, huurders, verhuurders, beleggers en  projectontwikkelaars. Met trots prijken wij ieder jaar steevast in  de Top 10 van de Vastgoed Top100 als Best Verkopende Makelaars.",111,400,400
Van der Krabben makelaardij Oss BV,5341 HA,"Bij Van der Krabben zijn we thuis in de regio. Daardoor weten we  als geen ander wat er speelt en wat er allemaal bij een succesvolle  aankoop of verkoop van een woning komt kijken. Niet voor niets  beoordelen klanten ons met een gemiddeld rapportcijfer van 9,1!",211,182,530
Schieland Borsboom regio Zoetermeer,2712 HB,Missing value,544,419,419
WVK Makelaars,2271 BD,"Bent u op zoek, naast een waardevolle transactie, naar ook een  plezierige relatie met uw makelaar? Kom dan binnenkort,  vrijblijvend, eens langs bij ons kantoor in Voorburg of Nootdorp. U  bent meer dan welkom!",127,314,372
Punt Makelaars Utrecht,3512 VX,Missing value,Missing,174,441
Makelaardij de Parel,3826 EC,In ,360,270,292
Domicilie Makelaars,6711 BD," Domicilie is een toonaangevend full-service NVM  makelaarskantoor dat met 2 kantoren in Ede en Nijkerk actief is in  een groot werkgebied binnen de regio Ede-Wageningen tot Amersfoort.  Wij opereren binnen alle segmenten van de vastgoedmarkt: bestaande  bouw, nieuwbouw, exclusief wonen, bedrijfshuisvesting en taxaties,  maar met één doel: de ondersteuning bieden die jij  nodig hebt. Ons brede aanbod van diensten zorgt ervoor dat wij snel  kunnen schakelen en dat je alle zaken rondom verkoop, aankoop en  financiering bij één adres kunt regelen. Wel zo  makkelijk!",742,130,401
Nieuw Wonen Twente,7511 AE,"Hét startpunt voor als je op zoek bent naar een  nieuwbouwwoning koop of huur, of een bouwkavel in de regio  Twente. ",1,328,244
Mooijekind Vleut Makelaars Haarlem,2011 GX,Missing value,294,312,254
Van der Sande Makelaars,4818 ST,Missing value,240,178,359
Van de Water Makelaars,5037 LG,Missing value,233,295,298
Ditters Makelaars Ede,6711 PM,Missing value,516,115,424
Makelaar1 Internetmakelaar,5038 CS,Missing value,Missing,321,436
Van Silfhout & Hogetoorn Wereldmakelaars,2611 CE,Dat wij ZES gecertificeerde makelaars in dienst hebben?,481,242,399
Beumer Garantiemakelaars,3454 HM,Missing value,200,179,618
Adriaan van den Heuvel makelaars en adviseurs,5706 AL,Natuurlijk doen wij ons best als no nonsense kantoor maar zonder  onze klanten en relaties zou dit resultaat nooit behaald zijn  !,450,318,335
Boumij Makelaars,5211 LX,   ,391,142,598
Pandomo Makelaars,9723 DT,"   Wat uniek is aan Pandomo Makelaars, is dat we als betrokken  makelaar in Groningen en omstreken niet alleen de stad op ons  duimpje kennen, maar ook een heel omvangrijk netwerk en bereik  hebben. Omdat we de wensen van onze klanten goed in beeld hebben,  kunnen we vraag en aanbod vaak snel aan elkaar koppelen en ook nog  eens full service bieden. Dat is voor iedere partij fijn!",150,229,393
Van Herk Makelaardij Capelle a/d IJssel,2903 HN, Waarin wij ons onderscheiden? Wij hebben onze  succesfactoren voor u op een rijtje gezet.,282,105,349
Peelrand Makelaardij,5801 AS,"Begin 2000 werd de grondslag gelegd voor ons makelaarskantoor.  Onlangs verhuisd naar een prachtig monumentaal pand aan Paterlaan 2  in Venray en niet meer weg te denken uit het Centrum van Venray.  Ook zijn we gevestigd in het centrum van Nieuw-Bergen (naast de  Hema) . We staan  dus fysiek dicht bij onze klant. Maar ook in  onze dienstverlening: we werken klantgericht en laagdrempelig en  hebben altijd een luisterend oor voor u. Voor al uw vragen op  huisvestigingsgebied (koop of huur, bestaande- of nieuwbouw), zowel  particulier als zakelijk kunt bij ons terecht.",368,141,309
Damen Makelaardij Maastricht B.V.,6225 EG,"Damen is een full-service advieskantoor voor  makelaardij, hypotheken en verzekeringen. Al drie generaties  lang!",287,155,309
De Keizer makelaars Vleuten,3451 CC,"Wij zijn ervan overtuigd dat wij met ons makelaarskantoor de  kunde, de contacten, de kennis en met name de inzet hebben om je  goed van dienst te zijn. Wij zijn een kantoor met pit!",290,98,336
BMV Makelaars (vh. Strijbosch Thunnissen Arnhem),6814 DA,Onze kantoren zijn gevestigd in ,363,98,461
Woonvast Makelaars,3817 BA,"   Woonvast Makelaars is een veelzijdig makelaarskantoor. Met een  hoge mate van inzet en een doordachte dienstverlening met zo  volledig mogelijke informatie bemiddelen wij voor u bij het  verkopen of het kopen van een woning. Alles op het kwalitatief hoge  niveau dat u van een NVM-makelaar mag verwachten. Het team van  medewerkers is deskundig op vele (sub)terreinen van de woningmarkt.  Iedere medewerker heeft zijn eigen specialisme: Bestaande Bouw,  Nieuwbouw, Taxaties, verkoop van Huurwoningen.",99,121,394
Lunshof Makelaardij Amstelveen,1181 RJ,Missing value,111,367,181
Woonvisie NVM Makelaars,3079 NC,Vanuit het prachtige vernieuwde pand aan de Reyerdijk te  IJsselmonde werken zij hard en enthousiast om uw woonwensen te  verwezenlijken.,155,184,249
Jack Frenken makelaars en adviseurs,6041 XB,Jack Frenken Bedrijfsmakelaardij,174,141,343
Van de Water Makelaars,4811 HL,Missing value,96,399,152
FRIS Woningmakelaars Amsterdam,1081 AA,Denk jij aan verhuizen? Maak dan eens kennis met onze mensen.  Echte mensen waar je blij van wordt bij de verkoop of aankoop van  jouw huis. Daarnaast gaan we altijd voor het beste resultaat.,135,275,123
De Pater Makelaardij NVM,2741 HA,Missing value,8,345,89
De Leeuw Makelaardij,2231 AG,"Door onze grote regionale kennis, persoonlijke aanpak en onze  succesvolle verkoopmethode, slaagt u altijd bij De Leeuw. Onze  makelaars staan u bij in het hele koop- of verkooptraject. Met  vestigingen in Leiden, Rijnsburg, Katwijk en Sassenheim heeft u een  uitgebreide keuze en een groot verkoopkanaal. Onze makelaars hebben  jarenlange ervaring en zijn altijd op de hoogte van de laatste  ontwikkelingen. De Leeuw zorgt ervoor dat u snel en succesvol tot  het juiste resultaat komt voor uw situatie. Dat is de waarde van  ervaring.",107,179,215
Broeckx makelaars,5707 AA,Wij maken werk van uw woonplezier!,408,125,282
Makelaardij Van der Linden Almere,1314 BN,Missing value,386,95,367
Hallie & Van Klooster Makelaardij,1052 HX,"Onze kantoren zijn gevestigd in Westerpark en op IJburg. Wij  zijn gespecialiseerd in aankoop, verkoop, verhuur, nieuwbouw en  taxaties van woningen in heel Amsterdam en omstreken. ",270,131,308
Makelaardij Van der Linden Amsterdam,1055 RW,Missing value,277,81,293
Ooms Veldhoen & Romeijn Makelaars,3262 JN,Missing value,94,166,208
Sopar Makelaars,1441 CN,"Ons kantoor is opgericht in 1975. Wij zijn een jong, energiek en  dynamisch team van mensen! Onze kantoorwinkel ligt aan de  Nieuwstraat 74 - 78 in het hart van Purmerend. Wij kennen ons  werkgebied, groot Waterland,  als geen ander!",307,128,232
Kuijs Reinder Kakes makelaar Zaandam,1506 GK,Kuijs Reinder Kakes is een Noord-Hollands makelaarskantoor dat  zich onderscheidt door een uitstekende kennis van zaken sinds  1922.,151,96,259
Hofzicht Makelaars,2182 EP,Missing value,104,226,178
Van Hassel Makelaars o.g.,4881 CS,"Kortom, het team van Van Hassel Makelaars neemt u graag het werk  uit handen en geeft u een professionele en  deskundige begeleiding tijdens het gehele verkooptraject en  zorgt voor het beste verkoopresultaat.",302,151,223
Makelaardij Van der Linden Lelystad,8224 BS,Wij zijn u graag van dienst met:,144,119,238
Saelmans Makelaardij,6004 AC,✅ Begeleiding van A tot Z,385,115,329
vb&t Nieuwbouwmakelaars,5611 CZ,"Denk je aan nieuwbouw, dan denk je aan ERA vb&t  Nieuwbouwmakelaars. Met een team van 7 specialisten zijn wij jouw  gesprekspartner voor de regio Brabant! Met vestigingen in  Eindhoven, Helmond, Den Bosch en Breda zijn wij lokaal sterk  vertegenwoordigd. ",Missing,335,Missing
"Weusthuis Makelaardij, de nr. 1 van NO-Twente",7651 CX, Om  u optimaal van dienst te kunnen zijn leren we u en uw woning graag  goed kennen. Wij zijn klantgericht en betrokken. Wij zorgen ervoor  dat alles gedaan wordt wat nodig is. Wij zijn er immers om u met  raad en daad bij te staan. Wij staan voor een eerlijk en  betrouwbaar advies aan onze relaties. Door de nauwe samenwerking  tussen de drie vestigingen kunnen we gebruik maken van een breed  netwerk aan contacten.,297,115,295
De Keizer makelaars Nieuwegein,3431 AK,"Wij zijn ervan overtuigd dat wij met ons makelaarskantoor de  kunde, de contacten, de kennis en met name de inzet hebben om je  goed van dienst te zijn. Wij zijn een kantoor met pit!",276,128,253
Lagerweij en Fonk Groep B.V.,2661 CV,"   Uiteraard willen wij graag uw betrouwbare partner zijn bij het  vinden van uw droomhuis, de verkoop van uw huidige woning, het  vinden van een geweldig nieuwbouwhuis of misschien is uw droom het  vinden van de geweldige kavel om uw eigen huis te gaan bouwen &  zelfs voor het vinden van een subliem nieuw bedrijfspand.",444,158,221
KockvanBenthem Makelaars,7571 CZ,Hetzelfde geldt als Kock,243,110,221
Thijssen makelaardij,1506 GB,"Ons professionele team bestaat momenteel uit 4  gecertificeerde makelaars, een assistent makelaar en 2 medewerkers  binnendienst. Onze vestiging is gelegen aan de Westzijde in het  centrum van Zaandam. U bent bij ons van harte welkom om, onder  het genot van een kopje koffie of thee, uw wensen met betrekking  tot het aankopen, verkopen of taxeren van een woning te  bespreken.",179,181,305
Van der Krabben Makelaardij Uden BV,5404 LC,Missing value,220,79,257
Van Dorsten Makelaars B.V.,7941 BJ,"Al meer dan 40 jaar zijn wij thuis in de regio. Daardoor kennen  wij de mensen, de huizen",338,129,222
WVK Makelaars,2631 CT,"Bent u op zoek, naast een waardevolle transactie, naar ook een  plezierige relatie met uw makelaar? Kom dan binnenkort,  vrijblijvend, eens langs bij ons kantoor in Voorburg of Nootdorp. U  bent meer dan welkom!",114,138,132
Eggink Maalderink Garantiemakelaars,7201 MP,"Onze dienstverlening houdt niet op bij de gemeentegrens. Met  kantoren in Aalten, Terborg én Zutphen kennen we de hele  Achterhoekse huizenmarkt als onze binnenzak.",250,158,196
Ooms Schiedam/Vlaardingen,3111 AA,"Ooms Makelaars is al meer dan 90 jaar specialist in woonzaken.  Onze enthousiaste makelaars verkopen, kopen, huren of verhuren jouw  woning. We helpen je ook graag met een nieuwe hypotheek, het  taxeren van je woning en het zoeken van de juiste verzekeringen  voor jouw situatie.",285,138,206
Herbrink Makelaars,3833 GS,Missing value,Missing,166,164
HuisPortaal.nl,5611 CZ, ,Missing,129,371
Ten Wolde Makelaars,7827 KG,"Geen gouden bergen, moeilijk jargon of strakke pakken, maar  nuchtere vakmensen die weten hoe belangrijk de verkoop of aankoop  van een woning is. Een ander huis kopen of verkopen brengt altijd  spanning met zich mee.",192,64,232
Broersma Makelaardij,1075 AC,Broersma Makelaardij is zeer actief binnen de woningmarkt en  heeft een vooraanstaande positie in het hogere segment. Als geen  ander kent ons kantoor de marketing tools die nodig zijn om tot een  succesvolle verkoop of aankoop te komen. Van Amsterdam Zuid en de  Grachtengordel tot Watergraafsmeer en de Zuidas.,246,110,261
Van Egmond Makelaardij,2861 AP,Of wilt u juist uw woning verkopen? Dan bespreken we graag met u  welke verkoopmethode het beste bij u past. ,145,105,201
Brecheisen Makelaars Vleuten / De Meern B.V.,3452 MS,1. Wij zijn innovatief doordat wij elke geïnteresseerde  kandidaat koper opslaan in onze databank. (Thans ca. 12.500 actuele  zoekers),293,35,269
Tijs & Cyril Makelaardij,6231 EJ,Wij zijn een full service NVM Makelaar. Dit betekent dat wij  onze klanten van begin tot eind begeleiden en ontzorgen in het  verkoop- of koopproces. Ons kantoor is goed georganiseerd en ons  team is gedreven. Wij werken heel doelgericht en houden het graag  persoonlijk.,110,140,168
Digimakelaars.nl - de Makelaar van Nederland,5341 HE,Missing value,481,126,336
Molenbeek Makelaars Zeist,3707 KD,"Vanuit het kantoor in Zeist bedienen wij de gehele gemeente  Zeist, Gemeente Bunnik, Soesterberg en een gedeelte van Utrechtse  heuvelrug en Bilthoven.",490,89,242
Heijblom Makelaardij,4875 CB,Wij bemiddelen bij aan- en verkoop van woningen en  bedrijfspanden.,117,93,219
Van Overbeek Makelaars o.g. Purmerend BV,1441 RG,Laat u goed informeren over de verkoop of aankoop van uw huis  door middel van een aankoop- of verkoop adviesgesprek. Maak gebruik  van de gratis tips die onze makelaars u geven. Wilt u liever weten  wat uw woning waard is? Kies voor een gratis waardebepaling bij Van  Overbeek Makelaars en weet direct wat uw bestedingsruimte is!,200,54,267
Alex woon- & bedrijfsmakelaars,8261 ES,"Alex makelaars werd in 2012 opgericht en richt zich op  particulieren en bedrijven binnen de gemeente Kampen en Zwolle.  Destijds gestart vanwege de veranderende markt en dito wensen van  klanten en vanwege de technologische mogelijkheden. ,,Een  moeilijke, maar ook een kansrijke markt, waarin wij graag goede  dienstverlening wilden bieden tegen een helder en transparant  tarief"". De aanpak van alex makelaars bleek dusdanig succesvol  dat een uitbreiding niet kon uitblijven. Vandaar dat we ons sinds 1  november 2015 ook in Zwolle hebben gevestigd. (kantoor Zwolle  beschikt over een eigen pagina op Funda)",188,115,167
"Kamphuis Makelaars, de nummer 1 van Almelo.",7602 JS,Missing value,496,79,219
De Leeuw Makelaardij,2312 CK,"Door onze grote regionale kennis, persoonlijke aanpak en onze  succesvolle verkoopmethode, slaagt u altijd bij De Leeuw. Onze  makelaars staan u bij in het hele koop- of verkooptraject. Met  vestigingen in Leiden, Rijnsburg, Katwijk en Sassenheim heeft u een  uitgebreide keuze en een groot verkoopkanaal. Onze makelaars hebben  jarenlange ervaring en zijn altijd op de hoogte van de laatste  ontwikkelingen. Wij zorgen ervoor dat u snel en succesvol tot het  juiste resultaat komt voor uw situatie. Dat is de waarde van  ervaring.",430,50,238
Brantjes Makelaars Zaanstad,1567 JP,Missing value,626,54,239
Van 't Riet De-Makelaar,1704 AG,Missing value,119,52,241
Ludenhoff Groep Makelaars Amstelveen,1181 BP,Goed en degelijk advies staat bij ons hoog in het vaandel. Neem  gerust eens contact met ons op voor een vrijblijvend gesprek met  één van onze medewerkers.,92,221,111
M2 Makelaars,4382 MA,De woningmarkt is geweldig voor verkopers. Dus een huis verkopen  kan elke makelaar. Het huis op de ,351,63,225
Snelder Zijlstra Makelaars,7511 JR,Bij Snelder Zijlstra Makelaars doet u zaken met  mensen. ,365,38,318
Schinkel de Weerd Makelaardij,4388 BK,"Schinkel de Weerd, makelaar Middelburg, Oost-Souburg en  Vlissingen, kenmerkt zich door de inzet van een klantgericht en  flexibel team van specialisten. Onze persoonlijke benadering,  uitstekende bereikbaarheid en moderne werkwijze maken dat u zich  echt klant zult voelen. ",217,131,254
MarQuis Makelaars & Taxateurs,3295 BD,"Vanaf 1998 gevestigd aan de Kerkstraat in  ’s-Gravendeel,  in een karakteristieke boerderij uit  1862. Huiselijk en sfeervol en vooral laagdrempelig. Even binnen  lopen om bij te praten en gelijk een kopje koffie te drinken kan  altijd. Persoonlijke aandacht en niet teveel formaliteiten, dat is  waar MarQuis voor staat. Gecombineerd met gedegen vakkennis en  aanpakken.",267,64,239
Elzenaar NVM Makelaars & Financiele Diensten,2546 BB,Missing value,338,45,265
Baljon makelaars,3054 AH,Missing value,202,79,217
Ooms Makelaars Barendrecht B.V.,2993 LB,"Ooms Makelaars is al meer dan 90 jaar specialist in woonzaken.  Onze enthousiaste makelaars verkopen, kopen, huren of verhuren jouw  woning. We helpen je ook graag met een nieuwe hypotheek, het  taxeren van je woning en het zoeken van de juiste verzekeringen  voor jouw situatie.",209,72,230
Open makelaars Arnhem,6811 AG,Missing value,565,83,205
Van Dullink NVM Makelaars,2651 CC,We realiseren de maximale opbrengst voor uw woning; soms binnen  een week en soms binnen enkele maanden. Altijd tegen de hoogst  mogelijke verkoopprijs.,Missing,140,155
Van Ekeren Kuiper Leerdam,4142 DA,"Je eerste eigen plekje, samenwonen, groter wonen of ga jij voor  een nieuwbouwavontuur? Goed verzekerd en op basis van eerlijk,  financieel advies zetten wij met jou de stap naar jouw volgende  droomwoning. Snel, altijd bereikbaar en eerlijk. Dat zit bij onze  enthousiaste makelaars en financiële adviseurs in het DNA.  ",251,54,218
Snel ERA makelaars,3833 GL,"   Een huis kopen of verkopen is elke keer weer een grote stap, een  mijlpaal. Het gaat immers om veel geld en altijd komt er emotie bij  kijken. Wij begrijpen dat en helpen u graag bij deze stap. Wij  zullen u in deze fase compleet ontzorgen. Wij gaan actief de markt  op met uw woning, hebben een sterk netwerk en u bent bij ons  verzekerd van deskundigheid, persoonlijke service en unieke,  innovatieve marketingtools.  ",401,62,225
Startbox Makelaars,7811 BA,"Vanuit onze kantoren aan het Marktplein 150b te Emmen en de  Langestraat 504 te Klazienaveen kunnen wij u begeleiden op het  gebied van aankoop, verkoop, huur/verhuur en taxaties.",223,103,232
Hendriks Makelaardij Apeldoorn,7315 GP,Dit weet je na een vrijblijvend gesprek: ,141,55,210
Hoekstra en van Eck Almere,1339 NM,Dit weet je na een ,70,38,226
Storimans en Partners,4818 JD,"Storimans en Partners heeft een intensief samenwerkingsverband  met de makelaarsorganisatie De Boer & Partners in België  met kantoren in o.a. Antwerpen, Hoogstraten, Kalmthout, Turnhout en  Brasschaat. Zo kunnen we u met ons uitgebreide dienstenpakket van  dienst zijn binnen een groot marktgebied, aan beide kanten van de  grens.",214,83,212
Driessen Makelaardij,6602 DB,Missing value,Missing,68,223
Dolron Rivierenland Makelaars | Qualis,4001 AG,"Onze mensen hebben plezier in hun werk en dit heeft  een positief effect op onze aanpak en het  uiteindelijke resultaat. De makelaars zijn direct en actief  betrokken bij alle zaken die spelen. De lijnen zijn kort en u kunt  snel en effectief overleggen met de persoon die weet wat er bij u  speelt! U en uw woning staan centraal en elke transactie is  maatwerk. Overweegt u een huis aan te kopen of uw eigen huis te  verkopen, neemt u gerust eens vrijblijvend contact met ons op voor  meer informatie.",99,105,162
Makelaardij Van der Linden,8251 KD,Missing value,287,84,187
Hauzer & Partners Makelaardij,5916 PJ,Missing value,225,51,222
Van Ginkel & Van Bemmelen,3901 MJ,Al onze producten en diensten zijn op één ding  gericht: resultaat voor u!,303,54,213
Van der Hoek Makelaardij b.v.,3841 KV,Van der Hoek makelaardij bestaat al meer dan 65 jaar en is  opgericht in 1951. De afgelopen tien jaar zijn door onze  organisatie enkele honderden nieuwbouwwoningen en -appartementen  verkocht. Het woningaanbod bestaat uit zowel nieuwbouw  woningen/appartementen als bestaande woningen/appartementen in alle  prijsklassen. Gemiddeld schommelt het aanbod rond de 80 à 90  woningen.,109,163,113
Agnes Tomesen Makelaardij | Qualis,4872 LA,Missing value,387,57,206
DietvorstBorman Makelaars,4835 MA,"Begeleiding bij de aankoop en/of verkoop van uw woning,  portefeuille-, NWWI woningtaxaties en het geven van deskundig  advies over de regionale woningmarkt vormen de basis van onze  activiteiten. Wat mogen wij nog meer voor u betekenen?",313,25,232
Kolpa van der Hoek Makelaars Oostvoorne,3233 SK,"Door onze ruime ervaring, hoge inzet en professionaliteit hebben  wij een uitstekende reputatie opgebouwd en kunt u rekenen op een  persoonlijke, actieve en optimale dienstverlening en begeleiding,  waarbij u als opdrachtgever volledig betrokken blijft.",155,85,173