name_broker,description_broker
Makelaarsland,"Voor veel mensen is een huis kopen of verkopen vaak een onoverzichtelijk groot en belangrijk monster. Gemiddeld verkoopt iemand 3,2 keer in zijn leven zijn huis. Daar kunnen de meeste mensen dus wel wat professionele hulp bij gebruiken. Je (ver)koopt tenslotte geen brood...Wij zijn Makelaarsland, en wij staan naast je als je dat nodig hebt en achter je als je zelf het heft in handen neemt. Wij helpen en ontzorgen. Wij zorgen ervoor dat je makkelijk, snel en effectief je huis verkoopt óf een ander aankoopt. Met ervaring, logica, de laatste techniek van vandaag en pasklare oplossingen en gaan altijd voor het maximaal haalbare resultaat. Gegarandeerd. We spannen ons voor ieder huis even hard in.  We hebben een vast tarief en maken heldere afspraken. En dat doen we allemaal op een nuchtere, open en eerlijke manier. Wij zijn Makelaarsland, we geloven niet in mooie praatjes en maken waar wat we beloven.Elk huis is anders. Elke verkoper en koper trouwens ook. Zo heb je zelfdoeners en latendoeners. De één doet liever zelf iets meer en de ander geeft alles uit handen. Wij hebben voor beide dé oplossing.  Vaak is de makelaarscourtage een percentage van de koopsom. Daar doen wij niet aan! Bij ons betaal je gewoon een vast tarief, ongeacht de waarde van het huis. En dat betaal je pas achteraf. Zo weet je precies waar je aan toe bent.  Bel voor een gratis informatiegesprek 088 200 2060 of stel je vraag via info@makelaarsland.nl.Makelaarsland is onderdeel van ING.                       "
van Santvoort Makelaars,"Thuis in uw regio  Van Santvoort Makelaars is thuis in de regio. En kent de omgeving als geen ander. Wij helpen u bij transacties van woningen, nieuwbouw, bedrijfspanden en agrarisch onroerend goed. Bij verkoop, aankoop, huur, verhuur, nieuwbouwconsultancy, taxaties en financiële diensten bieden wij u meerwaarde.Persoonlijke aanpak  Bij Van Santvoort leven we ons in en verdiepen we ons in uw vraag. Iedere opdracht begint met een persoonlijk gesprek. U kunt rekenen op een werkwijze die een NVM-makelaar eigen is.NVM  Als NVM-makelaar garanderen wij u een dienstverlening die niets te wensen overlaat. Kennis van zaken, een gedegen begeleiding en een regelmatige terugkoppeling zijn daarbij inbegrepen. Het resultaat komt overeen met uw verwachtingen.Bij Van Santvoort Makelaars vindt u een breed dienstenpakket. Met dit aanbod bieden wij u een passend antwoord op uw vraag. Geheel overeenkomstig uw wensen en behoeften. Ruim dertig jaar kennis en ervaring werken in uw voordeel."
Schieland Borsboom regio Rotterdam,"Met kantoren in Rotterdam, Den Haag en Zoetermeer, een team waar we heel blij mee zijn, een mooie woningportefeuille en een flinke dosis gedrevenheid, staan wij dagelijks klaar voor onze kopers, verkopers, huurders, verhuurders, beleggers en projectontwikkelaars. Met trots prijken wij ieder jaar steevast in de Top 10 van de Vastgoed Top100 als Best Verkopende Makelaars.Ons makelaarskantoor bestaat al sinds 1980. Van éénpitter, naar familiebedrijf, naar een speler van formaat op de woningmarkt in de regio Den Haag Haaglanden, Zoetermeer, Delft, Leiden, Lansingerland en Rotterdam Rijnmond.‘Groot geworden door klein te blijven’ is dan ook een quote die ons past als een jas. In de vaak hectische en soms emotionele vastgoedmarkt, ligt onze kracht onverminderd bij het kwalitatief hoogwaardig, maar no-nonsense en vooral persoonlijk makelen. Wij houden het hoofd koel en het hart warm.Maar genoeg over ons; wij maken graag kennis met u! Nodig ons uit voor een geheel vrijblijvend gesprek en vertel ons over ú, uw woning, uw droomwoning, uw wensen, uw vragen en uw verwachtingen van ons. Wij zijn benieuwd!  "
Corpowonen,"Corpowonen is dé landelijke internetmakelaar voor verkoop en verhuur van woningen door woningcorporaties die zelf actief betrokken wensen te zijn bij het verkoop- en verhuurproces.Wij onderscheiden ons van de traditionele makelaar door het aanbieden van deeldiensten op het gebied van verkoop van bestaande koopwoningen, verkoop van nieuwbouwprojecten en verhuur van (vrije sector) huurwoningen."
Hans Janssen Garantiemakelaars,"Wij onderscheiden ons in de eerste plaats door onze medewerk(st)ers! Zij bepalen de kwaliteit van de dienstverlening van Hans Janssen Garantiemakelaars. Maak kennis met één van hen en met onze specifieke werkwijze als NVM makelaar, Garantiemakelaar en NVM nieuwbouw-specialist!Hans Janssen Garantiemakelaars is actief als:Oriënteer u op onze website www.hansjanssen.nl en bel of mail voor een afspraak.."
TW3 Strategie Marketing Makelaardij," TW3 is een kantoor met een onderscheidende dienstverlening, gefundeerd op expertise en een betrouwbare procedure conform NVM-regelgeving. Wij bieden u een mix van diensten: - projectadvies in de voorbereiding en haalbaarheidsstudies - marketingvisies en -begeleiding - makelaarsdiensten zoals begeleiding bij aan- en verkoop, verhuur, financieel advies en taxatie - financiële expertise en kennis van de markt in het geval van beleggingsobjecten TW staat voor Toegevoegde Waarde De 3 staat voor de verbeelding van de 3 diensten onder één dak: - makelaarsdiensten - strategie - marketingOnze aanpak is gestoeld op een brede expertise, jarenlange ervaring, een uitstekende kennis van regelgeving, inzicht in consumentenwensen en creativiteit in de uitvoering. Flexibiliteit is de kernwaarde van onze werkwijze die zich uit in het dienstenpakket en ons klantgericht werken.TW3 beschikt over een breed en diep netwerk in de markt. Door de combinatie van kennis en creativiteit is TW3 in staat om juist in de veranderde woningbouwmarkt het verschil te kunnen maken voor partijen. De regio is Groot-Rotterdam/Gouda/Haaglanden, maar de specifieke expertise is ook landelijk inzetbaar. De adviseurs en makelaars van TW3 zijn Marco Jongeleen, Göran Boon en Tom van Noord. Zelfstandig opererende medewerkers die elkaar op de diverse kennisvlakken kunnen aanvullen en ondersteunen.Centraal in onze werkwijze staat de klant. Per project fungeert de verkoopadviseur van TW3 als het aanspreekpunt voor U, de klant binnen het project. Een platform waar U met alle vragen terecht kunt omtrent de aankoop of huur van de nieuwe woning, taxaties, financieel advies, verkoop eigen woning, keuze kopersvraagstukken. Graag zijn wij uw vertrouwenspersoon in het gehele traject. Wij stellen ons flexibel op in tijd en locatie omtrent afspraken. Zo kunt u afspraken maken op diverse afspreekpunten of als u dat wenst bij u thuis."
Eefje Voogd Makelaardij," Wij zijn de moderne partner met jarenlange ervaring in de onroerend goed markt in Amsterdam en omstreken. Onze klantenkring varieert van particulieren tot projectontwikkelaars. Van hen die een huis willen aan- of verkopen of willen laten taxeren tot degenen die onze expertise inschakelen bij de voorbereiding, en verkoop of verhuur,  van projectmatig onroerend goed (nieuwbouw of uitponding). We zijn makelaars met een creatieve geest en trachten op originele wijze gestelde doelen te realiseren. We zijn enthousiast en gedreven in alles wat we doen en kennen de branche in al haar facetten. Niet alleen de zakelijke kant, maar ook sociale aspecten hebben onze volle aandacht. We zijn alert op nieuwe trends en vertalen dit in onze werkwijze. Onze expertise betekent uw gemak. Het is ons plezier en onze kracht om een uitdaging te accepteren teneinde tot een optimale dienstverlening te komen, van begin tot eind en zelfs daarna nog!"
Ooms Makelaars Rotterdam,"Ooms Makelaars is al meer dan 90 jaar specialist in woonzaken. Onze enthousiaste makelaars verkopen, kopen, huren of verhuren jouw woning. We helpen je ook graag met een nieuwe hypotheek, het taxeren van je woning en het zoeken van de juiste verzekeringen voor jouw situatie.Ooms Makelaars zijn enthousiaste professionals. We wachten niet af, maar werken proactief. Wij willen weten wie je bent en wat je van ons verwacht. Wij makelen voor jou.Met vestigingen in Rotterdam, Schiedam, Capelle aan den IJssel, Dordrecht, Lansingerland, Hellevoetsluis, Spijkenisse, Barendrecht en de Hoeksche Waard hebben wij het grootste verzorgingsgebied in Zuid-Holland. We staan altijd dichtbij onze klanten!   Voor contactgegevens en meer informatie over onze vestiging in Rotterdam kun je terecht op onze website via https://ooms.com/vestigingen/makelaar-rotterdamTot snel!"
Frisia Makelaars,"Frisia Makelaars staat voor u klaar! Naast een goed en doortastend advies, nemen wij al het werk uit handen bij de verkoop en/of aankoop, verhuur van  uw woning, wat voor u waarschijnlijk geen dagelijkse kost is. Voor ons wel, wij zijn vertegenwoordigd in vrijwel alle denkbare (sociale) netwerken.  Het is ons vak en wij vinden het belangrijk om mensen gelukkig te zien, die een  nieuwe stap zetten in hun wooncarrière. Door ons kantoor in te schakelen bij  de verkoop dan wel de aankoop van uw woning wordt de kans op ""een transactie zonder verrassingen"" groter. Ons kantoor werkt met van tevoren overeengekomen tarieven voor transactiebegeleiding. Zelfs met inschakeling van Frisia Makelaars bent u zeker niet duurder uit. Vakmanschap: Frisia Makelaars geeft antwoord op iedere ""vraag"" over onroerend goed en biedt oplossingen voor complexe vraagstukken van uiteenlopende aard en grootte.De Frisia Makelaars organisatie biedt houvast bij vastgoed:  Jarenlange ervaring en helemaal up to date op elk gebied van de onroerend goedmarkt maakt ons tot een betrouwbare moderne adviseur en vertegenwoordiger van uw belangen.  Uw belang is ons doel! Wij koesteren de persoonlijke en duurzame relatie,  gebaseerd op eerlijkheid. Onze adviezen moeten helder, direct en duidelijk  zijn. Onze kennis over de markt en het vakgebied staan op een hoog peil. Ten  behoeve van de uitvoering van de opdrachten wordt hier op efficiënte manier  gebruik van gemaakt. Onze vakmensen maken uw verwachtingen waar. Hun kennis en vaardigheden bieden u houvast bij het nemen van de juiste beslissingen over vastgoed.Tevens maakt Frisia Makelaars deel uit van een samenwerkingsverband van  veertien zelfstandige regionale makelaarskantoren: Dynamis, Vastgoedconsultants en Makelaars.  Dynamis richt zich op de landelijke zakelijke markt van vastgoeddiensten met  als strategie: ""landelijke dekking, regionale diepgang en uniforme werkwijze"".Dynamis heeft vestigingen in heel Nederland;  Rodenburg Makelaars in Apeldoorn, Deventer en Zutphen, Strijbosch Thunissen Makelaars in Arnhem en Nijmegen, Verschuuren & Schreppers Bedrijfsmakelaars in Eindhoven, Frisia Makelaars in Den Haag, Snelder Zijlstra Groep in Enschede, Boek en Offermans Makelaars in Heerlen en Maastricht, Boelens Jorritsma in Groningen, Ooms Groep Rotterdam e.o., Hol en Molenbeek in Utrecht en Bramer Makelaars in Zwolle, Van der Sande in Breda, Lamberink in o.a. Assen"
Van der Krabben makelaardij Oss BV,"Thuis in de regioBij Van der Krabben zijn we thuis in de regio. Daardoor weten we als geen ander wat er speelt en wat er allemaal bij een succesvolle aankoop of verkoop van een woning komt kijken. Niet voor niets beoordelen klanten ons met een gemiddeld rapportcijfer van 9,1!Natuurlijk helpen we jou ook graag bij het kopen of verkopen van je woning. Daarvoor staat er een enthousiast en op elkaar ingespeeld team van ervaren medewerkers voor je klaar. Samen doen we er alles aan om je koop- en/of verkoopwensen uit te laten komen. Onze vakkennis, creativiteit en winnaarsmentaliteit zijn daarbij vaak een doorslaggevende factor.We helpen je graag met:- (Ver)koop- (Ver)huur- Nieuwbouwprojecten- Taxaties- Hypotheekadvies.Daarmee zijn we met afstand de grootste, veelzijdigste en meest ervaren makelaar in de regio. Een keuze voor ons is dan ook een keuze voor snelheid en zekerheid!Openingstijden: 8.30 – 18.00 uur (maandag tot en met vrijdag) en 9.30 – 12.30 uur (zaterdag). Een bezichtiging of adviesgesprek in de avonduren kan natuurlijk ook (op afspraak)."
Makelaardij Hoekstra Leeuwarden," Mogen we ons even aan u voorstellen? Hoekstra is de naam. Sinds 1987 een begrip in Friesland. Vanuit onze kantoren in , Heerenveen, Sneek en Joure bedienen we de gehele provincie Friesland. Dagelijks staan er 65 enthousiaste medewerkers klaar om u bij te staan met raad en daad.Nagenoeg alle vastgoeddisciplines zijn in ons bedrijf verenigd; Daarnaast zijn wij betrokken bij de ontwikkeling van nieuwe projecten voor woningen en appartementen, winkels en kantoren. Op trends en planologische ontwikkelingen spelen wij direct in met creatieve ideeën en actief beleid. Onze expertise, veelzijdigheid en fysieke aanwezigheid in alle (groei)regio’s van de provincie maken ons tot een waardevolle partner van institutionele beleggers, projectontwikkelaars, woningbouwverenigingen, gemeenten en bouwbedrijven.  Particulieren die hun huis willen verkopen en/of een ander huis willen kopen, zijn bij ons aan het juiste adres. Makelaardij Hoekstra is als geen ander op de hoogte van vraag en aanbod op de koopwoningenmarkt in Friesland. Ook voor een waardebepaling of taxatie zijn wij u graag van dienst.  Om u een goed, compleet en actueel overzicht te bieden van ons aanbod qua bestaande bouw en nieuwbouw, geven wij 4 keer per jaar het magazine 'Wonen in Fryslan' uit.Voor meer informatie kunt u terecht op onze website www.makelaardijhoekstra.nl of u kunt bellen of langskomen op één van onze vestigingen."
Olsthoorn NVM Makelaars,"Op zoek naar een betrouwbaar makelaarskantoor dat u volledig kan ontzorgen? Gespecialiseerd in zowel nieuwbouw als bestaande bouw en met eigen taxateurs in huis? Of op zoek naar een nieuw (t)huis en hulp van een aankoopmakelaar nodig?Olsthoorn Makelaars is met haar drie vestigingen een full-service makelaarskantoor. Een specialist in de verkoop en aankoop van woningen, zowel nieuwbouw als bestaande bouw.  Wij adviseren u graag op welk moment en met welke verkoopstrategie u uw woning te koop kunt zetten.Gert-Jan en zussen Esther en Judith werken met veel enthousiasme samen. Dankzij klanten, opdrachtgevers en medewerkers zijn wij uitgegroeid tot een gerenommeerd kantoor. Het makelaarskantoor dat in het Wateringse Veld begon is inmiddels uitgebreid met een vestiging in de Haagse Vruchtenbuurt en in het centrum van Naaldwijk.In onze relatie met u streven wij naar transparantie en eerlijkheid. Met Olsthoorn Makelaars neemt u bovendien een NVM-makelaar in de arm, iets wat u als (ver)koper extra voordelen oplevert. Samen met u bepalen wij de stappen die wij nemen.Olsthoorn Makelaars is een full-service NVM kantoor met een hoofdvestiging centraal gelegen in het Wateringse Veld. Met de vestiging in de Haagse Vruchtenbuurt en in het centrum van Naaldwijk, biedt het kantoor aan de Santiagosingel een centrale plek voor (ver)kopers, opdrachtgevers en medewerkers.Bent u nieuwsgierig naar ons kantoor en wilt u meer informatie? Loop gerust eens binnen in één van onze vestigingen en ervaar het thuisgevoel!"
Schieland Borsboom regio Den Haag,"Met kantoren in Rotterdam, Den Haag en Zoetermeer, een team waar we heel blij mee zijn, een mooie woningportefeuille en een flinke dosis gedrevenheid, staan wij dagelijks klaar voor onze kopers, verkopers, huurders, verhuurders, beleggers en projectontwikkelaars. Met trots prijken wij ieder jaar steevast in de Top 10 van de Vastgoed Top100 als Best Verkopende Makelaars.Ons makelaarskantoor bestaat al sinds 1980. Van éénpitter, naar familiebedrijf, naar een speler van formaat op de woningmarkt in de regio Den Haag Haaglanden, Zoetermeer, Delft, Leiden, Lansingerland en Rotterdam Rijnmond.‘Groot geworden door klein te blijven’ is dan ook een quote die ons past als een jas. In de vaak hectische en soms emotionele vastgoedmarkt, ligt onze kracht onverminderd bij het kwalitatief hoogwaardig, maar no-nonsense en vooral persoonlijk makelen. Wij houden het hoofd koel en het hart warm.Maar genoeg over ons; wij maken graag kennis met u! Nodig ons uit voor een geheel vrijblijvend gesprek en vertel ons over ú, uw woning, uw droomwoning, uw wensen, uw vragen en uw verwachtingen van ons. Wij zijn benieuwd!  "
Damen Makelaardij,"Damen is een full-service advieskantoor voor makelaardij, hypotheken en verzekeringen. Al drie generaties lang!Persoonlijk advies, een goede service en een actieve, attente houding. Dat zijn de eigenschappen die dit Limburgse familiebedrijf al bijna honderd jaar kenmerken. Onder leiding van Jos en Daniëlle Damen is Damen uitgegroeid tot de grootste makelaardij van Limburg, met kantoren in Maastricht, Heerlen, Roermond en Sittard.Wij vinden dat je huis een thuis moet zijn. Een fijne plek waar je graag bent. Waar je comfortabel woont en je je thuis voelt. Bij Damen helpen wij mensen graag om zo’n thuis te vinden. Een persoonlijke benadering staat daarbij centraal.Onze makelaars werken daarom met een kleine portefeuille. Dat maakt het mogelijk om actief te makelen. Om contact te houden met de klant, de geïnteresseerden én met elkaar. Deze korte lijnen zorgen ervoor dat we steeds de juiste klant bij het juiste pand vinden. De menselijke maat in een grote, professionele organisatie. Dat is Damen!"
Schieland Borsboom regio Zoetermeer,"    Zoetermeer is waar ons avontuur in 1980 begon. Inmiddels zijn wij al jaren steevast de nummer 1. van Zoetermeer. Met het grootste team, de meeste transacties, maar ook de beste verkoop- en aankoopresultaten. Natuurlijk doen wij hiervoor ook enorm ons best; wij lopen graag voorop, staan nooit stil, dagen onszelf uit en willen alleen het allerbeste voor onze klanten. Gepassioneerd als wij zijn, kunnen we nog wel even doorgaan met deze borstklopperij,      Eerlijk is eerlijk: bovenal hebben wij ons succes te danken aan onze (trouwe) klanten die ons hun opdracht toevertrouwen, die iedere keer maar weer hun huis opruimen voor een bezichtiging, die ons scherp houden met soms pittige vragen, die in het heetst van de strijd ons weer laten zien hoe emotioneel het kopen of verkopen van een huis kan zijn..... En die ons uiteindelijk van harte aanbevelen bij hun vrienden en kennissen en ons blij maken met een mooie review.     Ode aan onze klanten!       Genoeg over ons; wij maken graag kennis met u! Nodig ons uit voor een gesprek en vertel ons over ú, uw woning, uw droomwoning, uw wensen, uw vragen en uw verwachtingen van ons. Daag ons maar uit, wij zijn benieuwd!"
WVK Makelaars,"WVK Makelaars werkt met een team van specialisten op het gebied van bestaande bouw, nieuwbouw en bedrijfsmatig onroerend goed. Met groot plezier staan wij klaar voor onze talloze opdrachtgevers uit zowel de particuliere als commerciële sector. Kopers en mensen die hun huis willen verkopen, ontwikkelaars, gemeenten en woningcorporaties zijn bij WVK Makelaars aan het juiste adres.Bent u op zoek, naast een waardevolle transactie, naar ook een plezierige relatie met uw makelaar? Kom dan binnenkort, vrijblijvend, eens langs bij ons kantoor in Voorburg of Nootdorp. U bent meer dan welkom!"
Mooijekind Vleut Makelaars Haarlem,"Wij vinden wonen van levensbelang. Voor iedereen. Een huis moet een thuis zijn én een goede investering. Wij willen mensen graag duurzaam gelukkig maken. Met de verkoop- of aankoopprijs, met elke beslissing, met het hele proces. Dat is ons vak.Daar gaan we heel ver in. Met goede opleidingen, voortdurende kennis-updates en specialistische expertises. Met technische en financiële know-how en de beste netwerken. We zijn thuis in huizen, thuis in buurten.We kennen de obstakels in iedere fase van het aankoop- en verkoopproces en begeleiden de soms ingewikkelde beslissingen intensief. Zorgen voor een zorgeloos traject. Dat doen we al veertig jaar. Dat is een hoop mensenkennis, veel markt-inzicht en heel veel huizenoverdrachten bij elkaar.Wilt u meer weten over onze diensten? Kijk op mooijekindvleut.nl of neem direct contact op via 023 - 542 02 44 of info@mooijekindvleut.nl."
Van de Water Makelaars,"Van de Water Makelaars heeft zich in de loop der jaren ontwikkeld tot een betrouwbaar, deskundig en professioneel makelaarskantoor. Wij streven continu naar een optimale dienstverlening binnen ons vakgebied; de verkoop, aankoop en taxaties van alle typen woningen. Bij Van de Water Makelaars is een enthousiast team van medewerkers zes dagen per week intensief bezig om u een optimale dienstverlening te garanderen. Met meerdere kantoren in ons werkgebied zijn wij uitstekend op de hoogte van de lokale en regionale marktomstandigheden.Verkoop  Als u uw woning wilt verkopen, kan een van onze deskundige makelaars vrijblijvend bij u langskomen om een juiste en betrouwbare indicatie te geven van de waarde van uw woning. Tevens leggen wij u uit hoe Van de Water Makelaars u kan begeleiden bij het volledige verkooptraject. Onze dienstverlening is gedegen en deskundig met natuurlijk een optimale koopsom als resultaat. Voor een heldere en vrijblijvende waardebepaling van uw woning en een uitleg over het volledige verkooptraject, neemt u contact op met Van de Water Makelaars.Aankoop  De woningmarkt is voortdurend in beweging. Om zeker te zijn van een succesvolle aankoop is begeleiding door een deskundige makelaar wenselijk of zelfs noodzakelijk. Of het nu gaat om begeleiding bij het volledige aankooptraject of juist om die ene 'gouden tip', onze deskundige makelaars beschikken over alle faciliteiten om op uw specifieke wensen in te spelen. Voor een heldere en vrijblijvende uitleg over het volledige aankooptraject neemt u contact op met Van de Water Makelaars.Taxaties  De waarde van uw woning die voor u van belang is, kan alleen realistisch beoordeeld worden door een deskundige. Onze brede praktijkervaring en onze uitgebreide informatiebronnen vormen de garantie voor een realistisch en deskundig waarde-oordeel. Onze taxatie-rapporten zijn zeer uitgebreid en houden op weloverwogen wijze rekening met alle relevante gegevens. Voor een realistische en deskundige taxatie van uw woning neemt u contact op met Van de Water Makelaars."
Domicilie Makelaars,"Ben je op zoek naar een goede makelaar in de omgeving Ede en Veenendaal voor het verkopen, kopen, verhuren of huren van een woning of bedrijfsruimte? Schakel dan de ervaren makelaars van Domicilie in!  Domicilie is een toonaangevend full-service NVM makelaarskantoor dat met 2 kantoren in Ede en Nijkerk actief is in een groot werkgebied binnen de regio Ede-Wageningen tot Amersfoort. Wij opereren binnen alle segmenten van de vastgoedmarkt: bestaande bouw, nieuwbouw, exclusief wonen, bedrijfshuisvesting en taxaties, maar met één doel: de ondersteuning bieden die jij nodig hebt. Ons brede aanbod van diensten zorgt ervoor dat wij snel kunnen schakelen en dat je alle zaken rondom verkoop, aankoop en financiering bij één adres kunt regelen. Wel zo makkelijk! Naast een hoop kennis en ervaring mag je meer van ons verwachten, zoals onze maximale inzet, persoonlijke betrokkenheid, betrouwbaarheid en creativiteit. Ons enthousiaste en deskundige team zet altijd net dat stapje meer om de beste kwaliteit te leveren en jou zoveel mogelijk zorgen uit handen te nemen. Jouw wensen zijn doorslaggevend voor iedere actie die wij ondernemen. Ons motto: zeggen wat je doet en doen wat je zegt. Daar mag je ons aan houden. Bij het verkopen en aankopen van een woning komt een hoop kijken; het is dan prettig als onze werkwijze voor jou helder en transparant is. Daarom hanteren wij de DomicilieMethode®, die de stappen in het verkoop- of aankoopproces inzichtelijk maakt. Hierbij kun je zelf kiezen voor welke stappen je onze hulp inschakelt.Meer over de Domicilie Methode bij verkoop:   Meer over de Domicilie Methode bij aankoop:  Verhuisplannen en weten wat je woning waard is in de huidige markt? Onze makelaars komen graag vrijblijvend bij je langs voor een waardebepaling en verkoopadvies op maat. Neem contact met ons op: 0318-69 35 02  ede@domicilie.nl"
Punt Makelaars Utrecht,Punt Makelaars is een modern en eigentijds makelaarskantoor waar de klant centraal staat. Ouderwetse kwaliteit met de beleving van nu!Wij doen ons werk met passie en gedrevenheid.Wij houden ons primair bezig met mensen en hun gevoel en zijn ons bewust van hun wensen en interesses.Onze ambitie is om de hoogste waardering te krijgen van onze opdrachtgevers!Wij kennen de markt en verstaan ons vak.
Van der Sande Makelaars,"Wij bieden jou:1. Meer tijd voor jou, maar ook voor bezichtigingen;  2. Courtage naar tevredenheid: jij bepaalt wat je betaalt;  3. Zeer actieve opvolging na bezichtigingen met 24/7 digitaal inzicht in jouw dossier;  4. Volledige zaterdag beschikbaar voor bezichtigingen;  5. Reviews van kijkers aanvullend op die van verkopers & aankopers;  6. Veel contact met woningzoekenden door afdelingen aankoop, hypotheken, verhuur en nieuwbouw;  7. Meer klanten vanuit (met name) de  Randstad vanuit landelijk Dynamis Netwerk.Je kan ons ook appen op 0639475859.  We gaan graag met veel plezier en enthousaisme een gesprek met jou aan!  Team Wonen"
Nieuw Wonen Twente,"Nieuw Wonen Twente streeft ernaar de beste match te maken tussen de nieuwbouwplannen, de opdrachtgevers en de kopers!Hét startpunt voor als je op zoek bent naar een nieuwbouwwoning koop of huur, of een bouwkavel in de regio Twente. Nieuw Wonen Twente biedt:"
Ditters Makelaars Ede,"Welkom bij dé actieve makelaars voor de regio West-Veluwe ValleiU bent op zoek naar een huis? Overweegt u de verkoop van uw woning? Dan bent u bij Ditters Makelaars aan het juiste adres. Dit NVM-kantoor, met vestigingen in Veenendaal, Ede, Wageningen en Arnhem helpt u bij het nemen van de juiste beslissingen. Op deze website vindt u ons actuele woningaanbod en informatie over de begeleiding die wij bieden bij de verkoop van uw huis of bij aankoop van uw droomwoning. Daarnaast kunt u bij onze ervaren medewerkers ook terecht voor hypotheken, taxaties en verzekeringen. Ditters: Samen meer in huis."
Makelaardij de Parel,"In  kennen wij elke straat maar in  kennen we letterlijk elke hoek. Harro, René en Ivette wonen en werken al ruim 13 jaar in Vathorst. Hierdoor kennen we de markt in Vathorst als onze broekzak.Hierdoor zijn wij dagelijks te vinden in Vathorst voor het kopen en verkopen van woningen. Voluit gaan voor de klant, dat is wat wij leuk vinden. Makelen is ons vak en onze passie. Dit doen wij vanuit een traditionele basis met een flinke lading vernieuwende ideeën, met als doel uw woning succesvol te verkopen!De werkwijze waarop wij uw woning gaan verkopen of kopen is uniek en duidelijk. Vanuit ons moderne kantoor in Vathorst (tegenover het Gezondhiedscentrum) en onze etalagevestiging in winkelcentrum Vathorst (Bij de Primera) presenteren wij ons woningaanbod.Wij staan voor u klaar tijdens kantooruren of daarbuiten als u dat beter schikt!UW HUIS VERKOPEN IN AMERSFOORT -VATHORST?- Afspraken 6 dagen per week en 's avonds mogelijk  - Vrijblijvend verkoopadvies  - Gratis WaardebepalingBel Harro op 06-21 90 47 75Rene op 06-53 57 31 55Ivette op 06-48 08 63 65"
Boumij Makelaars,"   Boumij Makelaars is sinds januari 1998 gevestigd in een prachtig pand aan de Hekellaan in ’s-Hertogenbosch. Een gebouw met een boeiende geschiedenis, overigens. Het is namelijk in de jaren dertig gebouwd, in de statige stijl van de Amsterdamse School, als kantoor voor een huisvestingsstichting. Je zou dus kunnen zeggen dat Boumij Makelaars daarmee de historie van dit pand weer tot leven heeft gebracht.  U vindt Boumij Makelaars tegenover het Zuiderpark, praktisch óp de stadswallen. Met een aantal eigen parkeerplekken én met het parkeerterrein Vonk en Vlam (voor velen beter bekend als ‘de parkeerkuil’) voor de deur. De adresgegevens zijn:  Hekellaan 6  5211 LX ’s-Hertogenbosch  Telefoon: 073 - 6 122 344  Fax: 073 - 6 135 335  info@boumij.nlAls u van buiten ’s-Hertogenbosch een bezoek aan ons wilt brengen, kunt u de volgende routebeschrijving volgen:    * Neem op de A2 afslag “Sint Michielsgestel Schijndel Pettelaarpark”.      * Ga aan het einde van de afslag bij de verkeerslichten rechtsaf.      * Bij de verkeerslichten ter hoogte van Shell-station en Provinciehuis gaat u linksaf.      * Deze weg (= Pettelaarseweg) volgt u gedurende circa 1 kilometer.      * Bij het tweede verkeerslicht (met aan uw rechterhand een vijver) gaat u rechtsaf.      * Na circa 150 meter ziet u Boumij Makelaars aan uw linkerhand: welkom!"
Beumer Garantiemakelaars,"De kwaliteit van de dienstverlening die Beumer Garantiemakelaars u aanbiedt, hangt in belangrijke mate af van de mensen die bij ons werkzaam zijn. Op ons kantoor werkt een team van gemotiveerde en enthousiaste medewerkers die kennis hebben van de lokale en regionale onroerend goed markt. Allen hebben ervaring én een gedegen opleiding in de makelaardij, wat maakt dat zij u op een professionele en klantgerichte manier begeleiden bij de aan- of verkoop van uw woning.In Vleuten-De Meern, Utrecht en omgeving is Beumer Garantiemakelaars al meer dan 25 jaar actief op vele disciplines op het gebied van onroerend goed. Naast een jarenlange ervaring, waarborgt het NVM-lidmaatschap en onze onderscheidende werkwijze als Garantiemakelaar een uitstekende basis voor een succesvolle dienstverlening.Naast het aan- en verkopen en taxeren van woningen in de bestaande bouw, zijn wij ook actief op het gebied van nieuwbouw en wordt ons kantoor - al in het beginstadium van ontwikkeling - betrokken bij nieuwbouwplannen in de regio. Daarnaast kunt u bij ons terecht voor taxaties en een onafhankelijk hypotheekadvies.Misschien bent u op zoek naar uw droomhuis, heeft u een woning op het oog, bent u geïnteresseerd in onze nieuwbouwplannen, een hypotheekadvies of denkt u eraan om uw eigen woning te verkopen. Belt u dan gerust met ons kantoor voor een vrijblijvend gesprek. Wij zijn u graag van dienst!"
Adriaan van den Heuvel makelaars en adviseurs,"Door een onafhankelijke instantie zijn wij in een landelijk onderzoek als  uit de bus gekomen. 4e van Noord Brabant en 22e van Nederland.Er zijn 9000 woningmakelaars in Nederland.Hier zijn we erg trots op. Deze beoordeling is op basis van een  4 tal criteria tot stand gekomen.Het onderzoek is dit jaar voor het eerst op vestigingsniveau gedaan, terwijl voorheen de verkopen van meerdere kantoren van een bedrijf of franchiseorganisatie meetelden voor één resultaat. In het onderzoek gaat het uitsluitend om de verkoop van woningen van bestaande bouw.Factoren die meewegen zijn:  •    het aantal transacties;  •    de omvang van de portefeuille;  •    acquisitie;  •    doorlooptijd.De resultaten zijn afgezet tegen het landelijk gemiddelde. Alleen de doorlooptijden zijn vergeleken met de gemiddelden in de gemeente waar de makelaar de woningen verkoopt, waarbij wij dus als beste uit de bus komen !Natuurlijk doen wij ons best als no nonsense kantoor maar zonder onze klanten en relaties zou dit resultaat nooit behaald zijn !Graag lichten wij onze werkwijze toe en laten we zien dat onze onderscheidende kwaliteit een meerwaarde is zonder meerprijs!"
Pandomo Makelaars,"Bij Pandomo Makelaars werken gedreven medewerkers, die stuk voor stuk en vanuit hun eigen rol, de drive hebben om uw woonwens te vervullen. Hoe je woont heeft tenslotte een ontzettend belangrijke invloed op je leven! Hoe simpel het ook klinkt: bij onze makelaardij werken mensen die hun werk leuk vinden. En dit enthousiasme ziet u terug in ons werk!  Wat uniek is aan Pandomo Makelaars, is dat we als betrokken makelaar in Groningen en omstreken niet alleen de stad op ons duimpje kennen, maar ook een heel omvangrijk netwerk en bereik hebben. Omdat we de wensen van onze klanten goed in beeld hebben, kunnen we vraag en aanbod vaak snel aan elkaar koppelen en ook nog eens full service bieden. Dat is voor iedere partij fijn! Een makelaar met Groningse nuchterheid, die meedenkt, actief en enthousiast is en extra aandacht heeft voor persoonlijk contact. Zo zou het karakter van Pandomo Makelaars in een notendop kunnen worden gevat.“Al ruim 23 jaar zorgen wij ervoor dat Groningers, met wat voor woonwens dan ook, worden geholpen. We doen dingen niet perse anders dan anderen - we willen ons werk gewoon goed doen. En dat maakt ons al jarenlang een betrouwbare partner voor veel verschillende partijen.” – Piet Cazemier"
Van Silfhout & Hogetoorn Wereldmakelaars,"Wist u dat wij sinds 2008 marktleider zijn in het aantal verkooptransacties Delft?Dat wij ZES gecertificeerde makelaars in dienst hebben?Dat wij ZES dagen per week open zijn en ook een vestiging in Rotterdam hebben?Dat wij in Delft het kantoor zijn dat met afstand de meeste huizen verkoopt?Dat wij naast het feit dat we de meeste verkopen doen, ook specialist in aankoop zijn? Al jaren in de top vijf en reeds twee keer zijn we door de NVM uitgeroepen tot '""! Informeert u eens naar onze dienstverlening!Naast deze bewezen resultaten bij verkoop of aankoop van uw woning zijn wij er van overtuigd dat in een veranderende maatschappij nieuwe denkbeelden en acties nodig zijn. Dat brengen wij tot uiting middels de door ons opgerichte stichting wereldmakelaars. De term ‘Wereldmakelaars’ is geen loze term. Sinds 2006 profileren wij ons als Wereldmakelaars en doneren we een percentage van ons bedrijfsresultaat aan een goed doel. Van 2006 tot en met 2011 was dat Homeplan (huizenbouw voor daklozen), waarbij in Zuid Afrika en Mexico minimaal 26 woningen door ons zijn gerealiseerd. Sinds 1 januari 2012 zetten wij ons in als bedrijvenambassadeur van Oxfam Novib. Een organisatie die zich inzet voor een wereld zonder armoede en met gelijke kansen voor iedereen. Een voorbeeld van maatschappelijk verantwoord ondernemen.Onze opdrachtgevers merken in onze dienstverlening, service of tariefstelling niets van dit alles. We blijven ons inzetten voor onze goede naam van integere makelaar en voor onze hoge servicegraad. We worden dus niet duurder, maar nemen zelf met wat minder genoegen. En we voelen ons er beter bij.Neem voor een persoonlijke toelichting op onze dienstverlening eens vrijblijvend contact met ons op. Wij verlenen echt service! Een voorbeeld? Iedere klant kan gebruik maken van onze verhuiswagen. Gratis!Wij zijn geopend van maandag tot en met vrijdag van 8.45 uur tot 17.30 en op ZATERDAG van 10.00 uur tot 17.00 uur."
Makelaar1 Internetmakelaar,"Makelaar1 NVM Internetmakelaar. Wij zijn een moderne innovatieve (landelijk)werkende makelaar die door sterke automatisering u middels een zeer scherp tarief van € 495,-- Incl BTW (All-in) helpt uw woning te verkopen, of u een woning helpt aan te kopen.Meer weten over onze dienstverlening? Neem dan contact met ons op!Team Makelaar1 NVM Internetmakelaar"
Peelrand Makelaardij,"Begin 2000 werd de grondslag gelegd voor ons makelaarskantoor. Onlangs verhuisd naar een prachtig monumentaal pand aan Paterlaan 2 in Venray en niet meer weg te denken uit het Centrum van Venray. Ook zijn we gevestigd in het centrum van Nieuw-Bergen (naast de Hema) . We staan  dus fysiek dicht bij onze klant. Maar ook in onze dienstverlening: we werken klantgericht en laagdrempelig en hebben altijd een luisterend oor voor u. Voor al uw vragen op huisvestigingsgebied (koop of huur, bestaande- of nieuwbouw), zowel particulier als zakelijk kunt bij ons terecht.Even binnenlopen voor die snelle vraag? Of direct een afspraak maken voor een bezichtiging? Bel, mail, sms, app of .... loop gerust eens vrijblijvend binnen. Ons professionele team staat altijd voor u klaar!"
De Keizer makelaars Vleuten,"Bezichtigen, aankopen, verkopen, taxeren, het is voor ons dagelijkse kost. We kennen de buurt en zijn als geen ander op de hoogte van de lokale woningmarkt. Of je nu je woning wilt verkopen, begeleiding wilt in de aankoop, een taxatierapport nodig hebt, een nieuwbouwwoning zoekt of op zoek bent naar financieel advies; wij hebben alle disciplines in huis! Want alles onder één dak, dat is wel zo gemakkelijk.Wij zijn ervan overtuigd dat wij met ons makelaarskantoor de kunde, de contacten, de kennis en met name de inzet hebben om je goed van dienst te zijn. Wij zijn een kantoor met pit!In Midden-Nederland kun je bijna overal bij ons binnenlopen. We hebben vestigingen in Nieuwegein, Houten, Vleuten, Utrecht, Maarssen en Vianen. We leren je graag goed kennen, want dat levert het beste advies: inhoudelijk en realistisch. Met deze aanpak kochten én verkochten we al duizenden woningen.Wil jij ook een succesverhaal? Neem dan contact op met ons kantoor bij jou in de buurt!  De Keizer makelaars Nieuwegein B.V.  Richterslaan 66, 3431 AK Nieuwegein  telefoon: 030 603 13 00  Internet : www.dekeizer.nl  E-mail: nieuwegein@dekeizer.nlDe Keizer makelaars Houten B.V.  Schonenburgseind 38  3995 DC Houten  telefoon: 030  637 55 66  Internet: www.dekeizer.nl  E-mail: houten@dekeizer.nlDe Keizer makelaars Utrecht B.V.  Biltstraat 113b  3572 AN Utrecht  telefoon: 030 275 90 40  Internet: www.dekeizer.nl  E-mail: utrecht@dekeizer.nlDe Keizer makelaars Vleuten-De Meern B.V.  Pastoor Ohllaan 2  3451 CC Vleuten-De Meern  Tel.: 030  677 47 00  Internet: www.dekeizer.nl  E-mail: vleuten@dekeizer.nlDe Keizer Vechtstreek makelaars Breedstraat 16  3603 BA Maarssen  Tel.: 0346  712 008  Internet: www.dekeizervechtstreek.nl  E-mail: maarssen@dekeizervechtstreek.nlDe Keizer Smit makelaarshuys  Voorstraat 54  4132 AS Vianen  Tel.: 0347 751 170  Internet: www.dekeizersmit.nl  E-mail: vianen@dekeizersmit.nl  De Keizer Smit makelaarshuys  Kerkstraat 2  4132 BE Vianen  Tel.: 0347 325 025  Internet: www.dekeizersmit.nl  E-mail: vianen@dekeizersmit.nl"
Van Herk Makelaardij Capelle a/d IJssel,Wilt u een actieve makelaar die met succes voor u aan de slag gaat? Ontdek dan wat Van Herk Makelaardij voor u kan betekenen. Voor huizenbezitters die vakkundig en voor de juiste prijs hun woning willen verkopen. Voor klanten die een gecertificeerde NWWI taxatie willen laten uitvoeren. En voor woningzoekers die hun droom willen verwezenlijken. Wat uw wens ook is; wij hebben een op maat gesneden oplossing. Persoonlijk en proactief. Op weg naar een goed resultaat. Waarin wij ons onderscheiden? Wij hebben onze succesfactoren voor u op een rijtje gezet.
Damen Makelaardij Maastricht B.V.,"Damen is een full-service advieskantoor voor makelaardij, hypotheken en verzekeringen. Al drie generaties lang!Persoonlijk advies, een goede service en een actieve, attente houding. Dat zijn de eigenschappen die dit Limburgse familiebedrijf al bijna honderd jaar kenmerken. Onder leiding van Jos en Daniëlle Damen is Damen uitgegroeid tot de grootste makelaardij van Limburg, met kantoren in Maastricht, Heerlen, Roermond en Sittard.Wij vinden dat je huis een thuis moet zijn. Een fijne plek waar je graag bent. Waar je comfortabel woont en je je thuis voelt. Bij Damen helpen wij mensen graag om zo’n thuis te vinden. Een persoonlijke benadering staat daarbij centraal.Onze makelaars werken daarom met een kleine portefeuille. Dat maakt het mogelijk om actief te makelen.Om contact te houden met de klant, de geïnteresseerden én met elkaar. Deze korte lijnen zorgen ervoor dat we steeds de juiste klant bij het juiste pand vinden. De menselijke maat in een grote, professionele organisatie. Dat is Damen!"
De Pater Makelaardij NVM,"Wij zijn De Pater Makelaardij. Een dynamisch makelaarskantoor met vestigingen in Waddinxveen en Boskoop. Ons werkgebied ligt in het mooie Groene Hart, een prettige omgeving om te wonen en te werken. De Pater Makelaardij is actief in de bestaande bouw, bedrijfsmatig vastgoed en nieuwbouw. Ons team combineert een schat aan ervaring met een no-nonsense aanpak en...we spreken heldere taal. We delen graag onze kennis met u en voorzien u van goed advies en persoonlijke aandacht."
Woonvisie NVM Makelaars,"Om succesvol te opereren op de woningmarkt is een NVM makelaar onmisbaar. Een woning kopen of verkopen doet u immers niet dagelijks. De aankoop of verkoop van een woning is spannend en tijdrovend. Laat u bijstaan door een professional, objectief en onafhankelijk. Zo krijgt u ook de beste prijs bij verkoop van uw huidige woning. Door de heldere aanpak van Woonvisie NVM Makelaars, verkoopt of koopt u tegen de beste voorwaarden!Vanuit het prachtige vernieuwde pand aan de Reyerdijk te IJsselmonde werken zij hard en enthousiast om uw woonwensen te verwezenlijken."
Lamberink Makelaars & Adviseurs,"  Of je nou een huis wilt verkopen, een aankoopmakelaar zoekt, een nieuw huis wilt bouwen, een taxatierapport nodig bent, een bedrijfspand zoekt, behoefte hebt aan onafhankelijk hypotheekadvies of je verzekeringen voordelig wilt regelen ... Wij zijn een familiebedrijf dat staat voor bepaalde waarden en oog heeft voor de klant achter het pand. Gestart in 1988 in Assen en anno nu met 80 medewerkers en  vestigingen actief in Noord-Nederland, van de Waddenzee tot in het Overijsselse Vechtdal. Bij Lamberink vind je het grootste huizenaanbod van het Noorden. Laat op lamberink.nl je woonwensen achter en je ontvangt dagelijks het nieuwste aanbod in je mailbox. Ook de huizen die niet (nog) niet op Funda staan.    Een huis verkopen is tegenwoordig niet zo moeilijk. Maar een huis goed verkopen, voor de beste prijs, dat vraagt nog steeds om het vakmanschap van een ervaren makelaar. Lamberink kent de kneepjes van het vak, al meer dan 30 jaar. Natuurlijk melden we jouw huis aan op Funda en andere kanalen. Maar daarnaast boren we ook kijkers aan uit ons eigen regionale netwerk en is er reële kans dat we jouw huis kunnen matchen met een serieuze zoeker uit onze database. Verder bereiken we met een uitgekiend marketingplan ook het koperspubliek dat niet dagelijks op Funda kijkt. Kortom, we halen alles uit de kast om jouw huis zo breed mogelijk in de markt te zetten.Dat onze aanpak succesvol is blijkt uit het feit dat jaarlijks zo veel verkopers hun huis aan Lamberink toevertrouwen. Niet voor niets zijn we de nummer 1 makelaar van het Noorden en horen we bij de 10 best verkopende fullservice makelaars van heel Nederland (Top 100 onderzoek maandblad Vastgoed).  Kennismaken? We komen graag bij je langs voor een gratis waardebepaling. Maar ... wat moet je bieden en hoe pak ik het verder aan? Wij helpen je graag als jouw eigen aankoopmakelaar. We zorgen er voor dat je niet te veel betaalt en geen kat in de zak koopt als het gaat om bouwkundige gebreken. De kosten die we voor de aankoopbegeleiding rekenen verdienen we in de regel dubbel en dwars voor je terug! Denk je er over om een nieuw huis te laten bouwen? Kijk op lamberink.nl voor onze actuele projecten  in de provincies Groningen, Friesland, Drenthe en Overijssel. Totale dienstverlening is ons motto. Daarom kun je ook bij ons terecht voor een objectief hypotheekadvies. Onze hypotheekspecialisten zijn 100% onafhankelijk en vergelijken alle belangrijke geldverstrekkers. Op afspraak ook ’s avonds.  Hoeveel kun jij besparen op je verzekeringspakket? Neem de proef op de som en laat je verzekeringen checken door onze verzekeringsadviseurs. Minstens zulke scherpe premies als je op het internet tegenkomt, echter bij ons geen callcenter maar de vertrouwde service van een eigen adviseur in de buurt."
Broeckx makelaars,"Wij maken werk van uw woonplezier!Uw huis moet voelen als een warme jas. Als deze jas niet meer goed past kunnen wij u helpen. Dit doen wij door het geven van deskundig en betrouwbaar advies wat het beste is voor u, niet voor onszelf. Door de verkoop van uw woning bij ons in handen te geven legt u de zorg om uw verhuiswens te realiseren neer bij onze medewerkers. Deze medewerkers denken met u mee, zijn gedreven en creatief. Dankzij het werken met wijkmakelaars die precies weten wat er speelt en onze actieve aanpak verkopen wij 1 op de 3 woningen in uw regio! Wij bewijzen dat het verkopen van woningen in deze tijd alleen is toevertrouwd aan echte professionals die hun vak verstaan. Of u nu groter, kleiner of in een nieuwer huis wilt wonen, wij helpen u graag deze verhuiswens te realiseren. Al ruim 40 jaar staan wij onze opdrachtgevers bij en zijn alleen tevreden als u tevreden bent. Zo bouwen wij aan lange termijn relaties.Nodig ons uit voor een verkennend gesprek zodat wij u kunnen helpen aan optimaal woonplezier.Ook kunnen wij u bijstaan in het beantwoorden van uw financiële vraagstukken door het inzetten van onafhankelijke hypotheek- en financieel adviseurs die voor u de beste voorwaarden en condities weten te vinden.Woningverkoop en verhuurAankoopadviesTaxatiesVerhuur en verkoop Bedrijfsobjecten"
FRIS Woningmakelaars Amsterdam,"Denk jij aan verhuizen? Maak dan eens kennis met onze mensen. Echte mensen waar je blij van wordt bij de verkoop of aankoop van jouw huis. Daarnaast gaan we altijd voor het beste resultaat.Ons familiebedrijf bestaat inmiddels al bijna 100 jaar. En net als bij de gemiddelde Nederlandse familie vinden wij het echte contact erg belangrijk. Dat merk je zodra je kennis maakt men onze makelaars. Of je nu een aankoopmakelaar of verkoopmakelaar zoekt, wij hebben ze in huis.Makelen is mensenwerk, daarom nemen we de tijd voor jou en bieden we een luisterend oor. Zo zorgen wij ervoor dat onze klanten heel tevreden zijn en bereid zijn dit door te vertellen. Wil jij ook weten wat onze vakidioten voor je kunnen betekenen?"
